id,shipment_id,Invoice Issue Date
1,2431,2022-02-22 6:30
2,2701,2022-06-15 12:00
3,2837,2022-06-29 12:00
4,6025,2022-08-16 7:32
5,2089,2022-02-01 11:00
6,2249,2022-01-09 12:00
7,2250,2022-01-31 9:35
8,2328,2022-03-22 7:00
9,2053,2021-12-22 7:00
10,8301,2022-10-02 8:59
11,9219,2022-11-17 20:00
12,9101,2022-11-06 12:00
13,1521,2021-03-08 8:00
14,1523,2021-03-05 8:30
15,1541,2021-03-04 9:34
16,1552,2021-04-30 9:30
17,1553,2021-04-23 8:00
18,1556,2021-04-30 7:30
19,1604,2021-04-13 8:00
20,1605,2021-05-14 12:00
21,1608,2021-05-31 7:30
22,1609,2021-05-19 13:00
23,1632,2021-04-27 7:00
24,1633,2021-05-07 10:00
25,1634,2021-05-04 7:30
26,1646,2021-04-30 12:30
27,1648,2021-05-17 10:00
28,1651,2021-05-14 12:30
29,1654,2021-05-24 8:00
30,1679,2021-05-25 10:00
31,1703,2021-06-08 10:30
32,1730,2021-06-29 7:30
33,1765,2021-09-02 0:00
34,1889,2021-11-15 9:00
35,1916,2021-10-08 11:00
36,1944,2021-12-01 10:00
37,2740,2022-03-22 12:00
38,8971,2022-11-10 9:45
39,853,2020-02-01 0:00
40,854,2020-02-14 0:00
41,855,2020-02-19 0:00
42,800,2020-03-19 0:00
43,916,2020-04-03 0:00
44,936,2020-04-18 0:00
45,950,2020-04-19 0:00
46,1016,2020-05-09 0:00
47,1037,2020-05-16 0:00
48,1156,2020-08-20 0:00
49,1175,2020-08-27 0:00
50,1248,2020-09-27 0:00
51,1290,2020-10-11 0:00
52,1309,2020-10-16 0:00
53,1370,2020-11-08 0:00
54,1381,2020-11-22 0:00
55,1405,2020-12-10 0:00
56,1452,2020-12-23 0:00
57,1461,2021-01-11 0:00
58,1476,2021-01-11 0:00
59,1513,2021-01-25 0:00
60,1542,2021-02-15 0:00
61,1600,2021-03-31 0:00
62,1629,2021-04-14 0:00
63,1635,2021-05-12 0:00
64,1652,2021-05-03 0:00
65,1680,2021-05-17 0:00
66,1690,2021-06-14 0:00
67,1745,2021-07-02 0:00
68,1790,2021-08-24 0:00
69,1837,2021-07-21 0:00
70,747,2020-03-08 12:48
71,764,2020-03-04 11:15
72,920,2020-04-19 11:30
73,1054,2020-06-11 9:15
74,1397,2020-12-17 12:10
75,1392,2020-12-23 6:31
76,1407,2021-02-16 7:42
77,1413,2021-01-18 8:21
78,1449,2021-01-12 11:10
79,1468,2021-01-29 9:51
80,1484,2021-02-10 6:15
81,1485,2021-02-15 6:56
82,1486,2021-02-09 9:14
83,1487,2021-02-10 6:54
84,1499,2021-03-05 9:30
85,1509,2021-03-11 7:00
86,1511,2021-05-03 7:30
87,1512,2021-04-16 7:34
88,9500,2022-11-20 12:11
89,1522,2021-03-04 9:00
90,1650,2021-05-12 12:00
91,1665,2021-06-09 10:00
92,1704,2021-07-26 0:00
93,1636,2021-05-03 12:00
94,2448,2021-12-23 8:00
95,2473,2021-12-27 9:30
96,2474,2021-12-27 8:00
97,2475,2021-12-22 8:30
98,2476,2021-12-23 8:00
99,2477,2021-12-27 9:30
100,2479,2021-12-27 9:00
101,2480,2022-01-24 7:00
102,2481,2021-12-27 8:00
103,2482,2021-12-27 8:00
104,2483,2021-12-18 9:30
105,2487,2021-12-14 8:00
106,2488,2021-12-26 9:00
107,2489,2021-12-26 8:00
108,2490,2021-12-26 8:00
109,2491,2021-12-18 8:00
110,2492,2021-12-18 8:00
111,2493,2021-12-26 9:00
112,2494,2021-12-26 8:00
113,2495,2021-12-14 8:00
114,2496,2021-12-26 9:00
115,2497,2021-12-26 9:00
116,2500,2021-12-27 8:00
117,2501,2021-12-26 9:00
118,2502,2021-12-18 8:00
119,2503,2021-12-26 8:00
120,2513,2022-01-12 15:00
121,2514,2022-01-12 15:00
122,2516,2022-02-03 9:21
123,2517,2022-02-01 10:02
124,2662,2022-01-24 17:01
125,2663,2022-01-30 10:21
126,2518,2021-12-26 8:00
127,2519,2022-01-11 14:00
128,2520,2021-12-27 8:00
129,2521,2021-12-26 9:00
130,2522,2022-01-11 14:00
131,2524,2021-12-27 8:00
132,2525,2021-12-27 8:00
133,2526,2021-12-27 8:00
134,2527,2021-12-25 8:30
135,2528,2021-12-26 8:00
136,2529,2021-12-26 8:00
137,2530,2022-01-11 14:00
138,2531,2022-01-27 9:00
139,2542,2022-01-18 9:30
140,2543,2022-01-17 12:00
141,2544,2022-01-24 8:00
142,2545,2021-12-28 9:00
143,2546,2021-12-26 8:00
144,2547,2022-01-18 13:00
145,2548,2022-01-17 13:00
146,2549,2021-12-28 9:00
147,2550,2022-01-17 13:00
148,2551,2021-12-27 8:00
149,2552,2022-01-17 13:00
150,2553,2022-01-12 7:00
151,2554,2022-01-12 9:30
152,2555,2022-01-11 15:00
153,2556,2022-01-12 7:00
154,2557,2022-01-11 11:00
155,2561,2022-01-10 14:00
156,2562,2021-12-28 9:00
157,2563,2021-12-28 9:00
158,2564,2022-01-18 13:00
159,2565,2022-01-11 11:00
160,2566,2022-01-17 13:00
161,2567,2022-01-17 13:00
162,2568,2022-01-26 9:00
163,2579,2022-01-17 13:00
164,2580,2022-01-12 7:00
165,2581,2022-01-16 12:00
166,2582,2022-01-16 12:00
167,2583,2022-01-11 15:00
168,2584,2022-01-11 11:00
169,2585,2022-01-22 13:30
170,2586,2022-01-17 9:30
171,2587,2022-01-11 11:00
172,2588,2022-01-12 7:00
173,2589,2022-01-12 7:00
174,2590,2022-01-17 9:30
175,2591,2022-01-17 9:30
176,2592,2022-01-17 13:00
177,2604,2022-01-17 9:30
178,2593,2022-01-16 12:00
179,2598,2022-01-17 13:00
180,2599,2022-01-18 13:00
181,2600,2022-01-18 13:00
182,2601,2022-01-16 12:00
183,2602,2022-01-17 9:30
184,2667,2022-01-26 11:11
185,2606,2022-01-23 8:00
186,2607,2022-01-19 13:00
187,2608,2022-01-16 12:00
188,2609,2022-01-17 9:30
189,2610,2022-01-18 13:00
190,2611,2022-01-23 8:00
191,2612,2022-01-23 8:00
192,2613,2022-01-23 8:00
193,2614,2022-01-18 13:00
194,2615,2022-01-16 12:00
195,2616,2022-01-19 13:00
196,2617,2022-01-18 13:00
197,2618,2022-01-19 13:00
198,2619,2022-01-19 13:00
199,2623,2022-01-19 13:00
200,2624,2022-01-19 8:00
201,2625,2022-01-19 13:00
202,2634,2022-01-31 10:00
203,2635,2022-01-26 12:00
204,2636,2022-01-23 8:00
205,2637,2022-01-24 9:30
206,2638,2022-01-24 9:30
207,2639,2022-01-26 12:00
208,2641,2022-01-24 9:30
209,2642,2022-01-19 13:00
210,2643,2022-01-26 12:00
211,2644,2022-01-24 9:30
212,2645,2022-01-31 10:00
213,2646,2022-01-24 9:30
214,2647,2022-01-26 12:00
215,2648,2022-01-26 12:00
216,2653,2022-01-26 12:00
217,2657,2022-01-26 12:00
218,2672,2022-02-05 8:00
219,2673,2022-01-31 10:00
220,2674,2022-02-05 9:00
221,2675,2022-01-31 10:00
222,2677,2022-01-31 10:00
223,2678,2022-02-05 8:00
224,2679,2022-02-05 8:00
225,2684,2022-02-09 8:00
226,2685,2022-02-09 8:00
227,2700,2022-02-09 9:00
228,2711,2022-02-09 9:00
229,2712,2022-02-18 9:00
230,2713,2022-02-09 9:00
231,2715,2022-02-18 9:00
232,2716,2022-02-20 10:30
233,2717,2022-02-18 9:00
234,2721,2022-02-18 9:00
235,2722,2022-02-18 9:00
236,2723,2022-03-02 8:00
237,2724,2022-03-02 8:00
238,2727,2022-03-05 11:30
239,2728,2022-03-05 11:30
240,2729,2022-04-06 12:00
241,2730,2022-03-05 11:30
242,2731,2022-03-05 8:00
243,2734,2022-03-05 11:30
244,2745,2022-03-12 8:00
245,2746,2022-03-12 8:00
246,2747,2022-03-12 8:00
247,2748,2022-03-12 8:00
248,2758,2022-03-11 8:30
249,2759,2022-03-11 8:30
250,2760,2022-03-11 8:30
251,2761,2022-03-05 11:30
252,2762,2022-03-05 11:30
253,2764,2022-03-25 9:00
254,2768,2022-03-12 8:00
255,2770,2022-04-02 9:30
256,2771,2022-04-02 9:30
257,2776,2022-03-25 9:00
258,2777,2022-03-25 9:00
259,2780,2022-03-31 9:00
260,2781,2022-04-08 16:00
261,2782,2022-04-08 16:00
262,2783,2022-04-09 8:00
263,2784,2022-04-08 16:00
264,2785,2022-04-08 16:00
265,2790,2022-04-15 15:00
266,2791,2022-04-14 14:00
267,2792,2022-04-08 16:00
268,2793,2022-04-15 15:00
269,2794,2022-04-17 16:00
270,2795,2022-04-24 10:00
271,2796,2022-04-14 14:00
272,2797,2022-04-15 15:00
273,2798,2022-04-15 15:00
274,2799,2022-04-17 16:00
275,2800,2022-04-17 16:00
276,2801,2022-04-20 14:00
277,2804,2022-04-16 10:00
278,2809,2022-03-31 9:00
279,2810,2022-03-31 9:00
280,2812,2022-04-14 14:00
281,2813,2022-04-17 14:30
282,2814,2022-04-17 14:30
283,2815,2022-04-16 10:00
284,2816,2022-04-16 9:30
285,2817,2022-04-17 14:30
286,2818,2022-04-15 7:30
287,2819,2022-04-20 14:00
288,2820,2022-04-17 14:30
289,2821,2022-04-17 14:30
290,2823,2022-04-08 16:00
291,2826,2022-04-17 14:30
292,2827,2022-04-15 15:00
293,2841,2022-04-23 10:00
294,2842,2022-04-30 14:00
295,5803,2022-04-07 13:30
296,5805,2022-04-15 13:09
297,5819,2022-04-17 14:30
298,5822,2022-04-20 14:00
299,5823,2022-04-20 14:00
300,5824,2022-04-22 8:00
301,5825,2022-04-23 10:00
302,5830,2022-04-17 14:30
303,5841,2022-04-27 8:00
304,5842,2022-04-24 10:00
305,5860,2022-04-30 14:00
306,5861,2022-04-30 14:00
307,5862,2022-04-30 14:00
308,5863,2022-04-29 14:00
309,5864,2022-04-30 14:00
310,5865,2022-04-29 14:00
311,5882,2022-04-29 15:00
312,5911,2022-05-07 8:30
313,5958,2022-05-12 12:30
314,5976,2022-05-12 12:30
315,5980,2022-05-11 12:30
316,6028,2022-05-20 9:00
317,6029,2022-05-20 9:00
318,6030,2022-05-21 10:30
319,6031,2022-05-20 9:00
320,5867,2022-04-24 8:52
321,5902,2022-04-27 5:59
322,5903,2022-04-24 5:59
323,5932,2022-04-29 8:59
324,5936,2022-04-30 9:42
325,5937,2022-04-30 7:42
326,5938,2022-04-30 7:42
327,5939,2022-04-30 7:42
328,5974,2022-05-01 7:14
329,5832,2022-04-08 1:16
330,5843,2022-04-20 13:00
331,5844,2022-04-17 14:00
332,5845,2022-04-18 12:12
333,5846,2022-04-17 8:30
334,5868,2022-04-17 7:00
335,5869,2022-04-17 14:00
336,5870,2022-04-17 11:30
337,5871,2022-04-23 8:05
338,5888,2022-04-25 2:00
339,5889,2022-04-24 0:00
340,5890,2022-04-25 0:45
341,5900,2022-04-28 0:00
342,5885,2022-04-24 0:00
343,5886,2022-04-23 9:50
344,5914,2022-04-28 0:00
345,5887,2022-04-25 8:30
346,5901,2022-04-25 5:45
347,5959,2022-04-29 0:00
348,5960,2022-04-29 5:35
349,5961,2022-04-29 5:35
350,5962,2022-04-28 0:00
351,5963,2022-05-02 0:00
352,5994,2022-05-06 0:00
353,6007,2022-05-02 5:00
354,6008,2022-05-06 0:00
355,6009,2022-05-08 5:00
356,6010,2022-05-06 5:00
357,6011,2022-05-05 5:00
358,6012,2022-04-28 5:00
359,6013,2022-04-29 5:00
360,6033,2022-05-01 5:00
361,6034,2022-05-05 5:00
362,6035,2022-05-01 5:00
363,6036,2022-05-01 5:00
364,6049,2022-05-12 5:00
365,6050,2022-05-12 5:00
366,6051,2022-05-12 5:00
367,6052,2022-05-05 5:00
368,6053,2022-05-12 5:00
369,6054,2022-05-07 5:00
370,6055,2022-05-06 5:00
371,6082,2022-05-12 5:00
372,6083,2022-05-07 5:00
373,6084,2022-05-08 5:00
374,6085,2022-05-07 5:00
375,6086,2022-05-08 5:00
376,6090,2022-05-08 5:00
377,6087,2022-05-13 5:00
378,6088,2022-05-08 5:00
379,6089,2022-05-13 5:00
380,6144,2022-05-15 15:00
381,6145,2022-05-15 15:00
382,6165,2022-05-16 15:00
383,6146,2022-05-15 15:00
384,6147,2022-05-14 15:00
385,6148,2022-05-14 15:00
386,6149,2022-05-14 15:00
387,6150,2022-05-15 15:00
388,6164,2022-05-15 15:00
389,6166,2022-05-15 15:00
390,6167,2022-05-15 15:00
391,6168,2022-05-15 15:00
392,6169,2022-05-15 15:00
393,1942,2021-10-10 12:00
394,2073,2021-08-24 12:00
395,2076,2021-08-17 12:00
396,2077,2021-08-25 8:30
397,2078,2021-08-22 8:00
398,2079,2021-08-22 8:00
399,2080,2021-08-23 9:00
400,2082,2021-08-28 11:00
401,2083,2021-08-17 12:00
402,2084,2021-08-23 8:30
403,2085,2021-08-22 8:00
404,2086,2021-09-13 20:00
405,2087,2021-08-29 8:00
406,2088,2021-08-31 13:00
407,2090,2021-08-23 8:30
408,2091,2021-08-23 7:00
409,2092,2021-08-24 12:00
410,2093,2021-08-24 12:00
411,2096,2021-09-20 12:00
412,2098,2021-09-20 12:00
413,2099,2021-08-29 8:30
414,2100,2021-09-20 12:00
415,2102,2021-09-20 12:00
416,2103,2021-09-05 8:30
417,2104,2021-09-01 11:30
418,2105,2021-08-31 13:00
419,2106,2021-08-29 8:00
420,2107,2021-09-05 8:30
421,2108,2021-09-01 11:30
422,2109,2021-08-25 8:30
423,2112,2021-09-01 11:30
424,2113,2021-08-31 13:00
425,2115,2021-08-31 12:00
426,2116,2021-08-31 12:00
427,2117,2021-09-07 12:30
428,2118,2021-09-07 12:30
429,2119,2021-09-06 12:00
430,2120,2021-09-06 12:00
431,2121,2021-09-04 8:30
432,2122,2021-09-07 11:30
433,2123,2021-09-07 8:00
434,2125,2021-09-13 8:00
435,2126,2021-09-13 8:00
436,2127,2021-09-13 8:00
437,2129,2021-09-04 12:00
438,2131,2021-09-13 8:00
439,2132,2021-09-05 12:00
440,2133,2021-09-06 12:00
441,2134,2021-09-06 12:00
442,2136,2021-10-01 12:00
443,2137,2021-09-13 8:00
444,2138,2021-09-13 8:00
445,2140,2021-09-13 12:30
446,2141,2021-09-13 8:00
447,2142,2021-09-18 10:30
448,2143,2021-09-18 10:30
449,2152,2021-09-17 12:00
450,2153,2021-09-05 12:00
451,2155,2021-09-13 12:30
452,2156,2021-09-14 7:30
453,2158,2021-09-18 12:00
454,2160,2021-09-19 9:30
455,2161,2021-09-18 10:30
456,2162,2021-09-20 11:00
457,2163,2021-09-26 7:30
458,2164,2021-09-20 11:00
459,2165,2021-09-20 11:00
460,2168,2021-09-19 12:00
461,2169,2021-09-12 2:30
462,2170,2021-09-18 10:30
463,2171,2021-09-20 11:00
464,2172,2021-09-20 11:00
465,2173,2021-09-18 12:00
466,2174,2021-09-12 2:30
467,2176,2021-09-19 12:00
468,2184,2021-09-19 12:00
469,2186,2021-09-27 12:00
470,2187,2021-09-27 15:30
471,2188,2021-09-25 8:30
472,2189,2021-09-27 15:30
473,2190,2021-09-27 15:30
474,2191,2021-09-27 15:30
475,2192,2021-09-25 8:00
476,2193,2021-09-25 8:30
477,2194,2021-09-25 8:30
478,2195,2021-09-27 15:30
479,2196,2021-09-26 7:30
480,2197,2021-10-02 11:30
481,2198,2021-10-02 11:30
482,2199,2021-09-25 12:00
483,2205,2021-10-02 11:30
484,2206,2021-10-02 11:30
485,2207,2021-10-02 11:30
486,2208,2021-09-19 12:00
487,2210,2021-10-02 12:00
488,2214,2021-10-02 9:00
489,2215,2021-10-03 9:30
490,2216,2021-10-17 9:30
491,2217,2021-09-28 12:00
492,2218,2021-10-02 9:00
493,2219,2021-09-28 7:30
494,2220,2021-10-03 9:30
495,2221,2021-09-26 12:00
496,2224,2021-10-03 12:00
497,2225,2021-10-01 12:00
498,2226,2021-09-26 12:00
499,2227,2021-10-02 12:00
500,2228,2021-09-26 12:00
501,2229,2021-10-09 7:30
502,2230,2021-10-10 7:30
503,2231,2021-10-19 8:00
504,2232,2021-10-10 7:30
505,2233,2021-10-11 0:00
506,2234,2021-10-02 12:00
507,2235,2021-10-02 12:00
508,2240,2021-10-10 7:30
509,2242,2021-09-27 12:00
510,2243,2021-09-27 12:00
511,2244,2021-10-04 9:30
512,2246,2021-10-24 12:00
513,2247,2021-10-09 0:00
514,2252,2021-10-12 0:00
515,2255,2021-10-18 9:30
516,2256,2021-10-09 0:00
517,2257,2021-10-19 11:00
518,2258,2021-10-09 0:00
519,2259,2021-10-16 0:00
520,2260,2021-10-13 0:00
521,2261,2021-10-09 0:00
522,2262,2021-10-17 0:00
523,2266,2021-10-19 11:00
524,2269,2021-10-06 0:00
525,2271,2021-10-16 0:00
526,2273,2021-10-18 9:30
527,2274,2021-10-12 0:00
528,2275,2021-10-18 0:00
529,2276,2021-10-12 12:00
530,2278,2021-10-13 0:00
531,2279,2021-10-12 0:00
532,2282,2021-10-18 9:30
533,2284,2021-10-27 12:00
534,2285,2021-10-26 8:30
535,2286,2021-10-31 9:00
536,2287,2021-10-30 11:00
537,2288,2021-10-27 12:00
538,2289,2021-11-08 12:00
539,2290,2021-10-26 8:30
540,2293,2021-10-27 12:00
541,2294,2021-10-19 11:00
542,2295,2021-10-24 12:00
543,2297,2021-10-26 8:30
544,2296,2021-10-24 12:00
545,2300,2021-11-02 12:00
546,2303,2021-11-01 10:00
547,2304,2021-11-01 10:00
548,2309,2021-11-03 9:00
549,2310,2021-11-01 10:00
550,2311,2021-11-01 10:00
551,2312,2021-11-01 10:00
552,2313,2021-11-01 10:00
553,2314,2021-11-01 10:00
554,2316,2021-11-03 9:00
555,2318,2021-11-10 10:00
556,2317,2021-11-10 10:00
557,2319,2021-11-10 10:00
558,2320,2021-11-03 9:00
559,2322,2021-11-10 10:00
560,2321,2021-11-03 9:00
561,2324,2021-11-14 11:00
562,2323,2021-11-03 9:00
563,2325,2021-11-03 9:00
564,2326,2021-11-10 12:00
565,2327,2021-11-14 11:00
566,2331,2021-11-14 11:00
567,2332,2021-11-08 12:00
568,2333,2021-11-10 10:00
569,2334,2021-11-10 10:00
570,2335,2021-11-17 15:00
571,2336,2021-11-14 9:00
572,2337,2021-11-17 15:00
573,2338,2021-11-14 11:00
574,2340,2021-11-10 12:00
575,2341,2021-11-10 12:00
576,2344,2021-11-14 12:00
577,2343,2021-11-16 9:00
578,2345,2021-11-16 9:00
579,2346,2021-11-15 8:00
580,2347,2021-11-15 8:00
581,2350,2021-12-21 8:00
582,2353,2021-11-23 8:00
583,2354,2021-11-23 11:00
584,2355,2021-11-28 7:00
585,2356,2021-11-23 11:00
586,2357,2021-11-23 23:00
587,2363,2021-11-28 7:00
588,2364,2021-11-27 10:00
589,2365,2021-11-28 7:00
590,2366,2021-11-16 9:00
591,2367,2021-11-23 11:00
592,2369,2021-11-23 11:00
593,2370,2021-11-17 15:00
594,2373,2021-11-16 9:00
595,2374,2021-11-28 8:00
596,2375,2021-11-17 15:00
597,2376,2021-11-28 8:30
598,2377,2021-11-27 8:00
599,2379,2021-11-17 9:00
600,2380,2021-11-23 12:00
601,2381,2021-11-22 12:00
602,2384,2021-11-22 12:00
603,2385,2021-11-22 12:00
604,2393,2021-11-28 9:00
605,2394,2021-11-28 9:00
606,2395,2021-11-24 11:00
607,2396,2021-12-06 14:00
608,2397,2021-12-06 15:00
609,2398,2021-11-28 9:00
610,2403,2021-12-06 14:00
611,2404,2021-12-06 14:00
612,2405,2021-12-22 8:00
613,2406,2021-11-28 9:00
614,2407,2021-12-06 14:00
615,2408,2021-12-06 14:00
616,2409,2021-11-30 12:00
617,2416,2021-12-13 9:30
618,2422,2021-12-08 8:00
619,2426,2021-12-06 14:00
620,2421,2021-12-07 10:00
621,2428,2021-12-07 10:00
622,2423,2021-12-09 12:00
623,2424,2021-12-13 9:30
624,2436,2021-12-13 9:30
625,2425,2021-12-07 10:00
626,2439,2021-12-07 10:00
627,2437,2021-12-02 12:00
628,2441,2021-12-19 12:00
629,2442,2021-12-13 9:30
630,2443,2021-12-20 13:30
631,2459,2021-12-13 9:30
632,2457,2021-12-21 8:30
633,2460,2021-12-13 9:30
634,2453,2021-12-21 8:30
635,2458,2021-12-13 9:30
636,2452,2021-12-20 13:30
637,2463,2021-12-21 8:30
638,2468,2021-12-20 13:30
639,2461,2021-12-20 13:30
640,2454,2021-12-20 13:30
641,2456,2021-12-20 13:30
642,2462,2021-12-20 13:30
643,2471,2021-12-20 13:30
644,2446,2021-12-19 12:00
645,2478,2021-12-22 12:00
646,2484,2021-12-23 12:00
647,2485,2021-12-27 11:21
648,2486,2022-01-23 12:00
649,2504,2021-12-27 12:00
650,2505,2022-08-29 12:00
651,2510,2021-12-28 15:57
652,2515,2022-01-04 12:00
653,2532,2022-01-04 12:00
654,2536,2022-01-02 0:00
655,2537,2022-01-05 16:04
656,2540,2022-01-08 12:00
657,2569,2022-01-13 12:00
658,2570,2022-01-13 12:00
659,2571,2022-01-13 12:00
660,2572,2022-01-09 12:00
661,2574,2022-01-06 9:05
662,2578,2022-01-09 12:00
663,2594,2022-01-09 12:00
664,2595,2022-01-09 12:00
665,2605,2022-01-14 12:00
666,2626,2022-01-15 12:00
667,2630,2022-01-17 12:00
668,2650,2022-01-16 12:00
669,2652,2022-01-16 8:55
670,2658,2022-01-17 12:00
671,2659,2022-01-17 12:00
672,2669,2022-01-24 12:00
673,2670,2022-01-27 13:47
674,2680,2022-01-24 12:00
675,2681,2022-01-24 12:00
676,2687,2022-01-27 13:47
677,2693,2022-01-29 12:00
678,2696,2022-02-05 12:00
679,2697,2022-01-30 12:19
680,2704,2022-02-03 13:06
681,2705,2022-02-03 13:06
682,2707,2022-02-03 13:06
683,2708,2022-02-03 13:06
684,2709,2022-01-31 11:34
685,2710,2022-02-03 13:06
686,2714,2022-02-10 12:00
687,2720,2022-02-03 13:06
688,2726,2022-02-26 12:00
689,2735,2022-02-26 12:00
690,2736,2022-02-26 12:00
691,2737,2022-02-26 12:00
692,2738,2022-02-26 12:00
693,2742,2022-03-03 12:00
694,2753,2022-03-03 12:00
695,2754,2022-03-03 12:00
696,2763,2022-03-17 12:00
697,2773,2022-03-19 8:43
698,2778,2022-03-17 12:00
699,2802,2022-04-04 12:00
700,2803,2022-04-09 12:00
701,2805,2022-03-27 12:00
702,2811,2022-04-20 12:00
703,2830,2022-04-05 12:00
704,2838,2022-04-20 12:00
705,5820,2022-04-10 12:00
706,5827,2022-04-18 12:00
707,5828,2022-04-17 12:00
708,5829,2022-04-12 12:00
709,5836,2022-04-20 12:00
710,5837,2022-04-18 9:27
711,5852,2022-04-18 9:27
712,5857,2022-04-20 12:00
713,5880,2022-04-21 10:41
714,5891,2022-05-09 13:54
715,5892,2022-04-25 12:38
716,5893,2022-04-25 12:38
717,5894,2022-04-25 12:38
718,5895,2022-05-01 12:59
719,5896,2022-04-27 11:30
720,5899,2022-04-26 12:00
721,5906,2022-04-26 12:00
722,5907,2022-04-24 14:24
723,5977,2022-05-15 12:00
724,5989,2022-05-14 12:00
725,5990,2022-05-14 12:00
726,6014,2022-05-16 9:08
727,6027,2022-05-20 12:00
728,6040,2022-05-22 12:00
729,6042,2022-05-24 12:00
730,6044,2022-05-29 15:00
731,6045,2022-05-29 15:00
732,6060,2022-05-29 12:00
733,6061,2022-05-30 12:00
734,6062,2022-05-22 12:00
735,6063,2022-05-22 12:00
736,6064,2022-05-29 12:00
737,6069,2022-05-22 12:00
738,6096,2022-05-30 12:00
739,6097,2022-05-22 12:00
740,6099,2022-05-23 13:00
741,6100,2022-05-29 15:00
742,6101,2022-05-23 13:00
743,6105,2022-05-28 12:00
744,6106,2022-05-29 12:00
745,6107,2022-05-29 12:00
746,6108,2022-05-28 12:00
747,6109,2022-05-29 12:00
748,6111,2022-06-03 12:00
749,6112,2022-06-03 12:00
750,6113,2022-06-13 12:00
751,6114,2022-06-13 12:00
752,6115,2022-06-13 12:00
753,6119,2022-06-04 12:00
754,6120,2022-06-03 12:00
755,6121,2022-06-03 12:00
756,6122,2022-06-03 12:00
757,6123,2022-06-13 12:00
758,6124,2022-06-06 12:00
759,6125,2022-06-06 12:00
760,6126,2022-06-06 12:00
761,6127,2022-06-06 12:00
762,6128,2022-06-06 12:00
763,6129,2022-06-05 12:00
764,6131,2022-06-05 12:00
765,6142,2022-06-09 12:00
766,6143,2022-06-02 12:00
767,6191,2022-06-10 12:00
768,6192,2022-06-10 12:00
769,6193,2022-06-23 12:00
770,6194,2022-06-04 12:00
771,6211,2022-06-05 12:00
772,6213,2022-06-05 12:00
773,6215,2022-06-05 12:00
774,6216,2022-06-02 12:00
775,6219,2022-06-05 16:30
776,6220,2022-06-05 16:30
777,6298,2022-06-10 12:00
778,6297,2022-06-10 12:00
779,6299,2022-06-10 12:00
780,6300,2022-06-10 12:00
781,6251,2022-06-23 12:00
782,6255,2022-06-18 12:00
783,6256,2022-06-10 12:00
784,6259,2022-06-17 11:30
785,6273,2022-06-22 12:00
786,6276,2022-06-22 12:00
787,6277,2022-06-22 12:00
788,6282,2022-06-21 12:00
789,6283,2022-06-21 12:00
790,6290,2022-06-28 12:00
791,6292,2022-06-21 9:30
792,6293,2022-06-18 9:30
793,6294,2022-06-16 12:00
794,6306,2022-06-30 12:00
795,6307,2022-06-30 12:00
796,6308,2022-07-01 12:00
797,6309,2022-06-30 12:00
798,6310,2022-06-30 12:00
799,6311,2022-07-02 10:30
800,6312,2022-07-02 12:00
801,6313,2022-07-02 12:00
802,6314,2022-06-30 12:00
803,6315,2022-07-02 12:00
804,6335,2022-06-24 12:00
805,7921,2022-07-01 12:00
806,7923,2022-07-01 12:00
807,7925,2022-07-07 12:00
808,7926,2022-07-06 12:00
809,7927,2022-07-07 12:00
810,7928,2022-07-07 12:00
811,7930,2022-07-06 12:00
812,7933,2022-06-30 12:00
813,7934,2022-06-30 12:00
814,7989,2022-07-15 12:00
815,7990,2022-07-14 10:00
816,7991,2022-07-16 12:00
817,7993,2022-07-15 10:00
818,8041,2022-07-12 12:00
819,8042,2022-07-07 12:00
820,8101,2022-07-16 12:00
821,8117,2022-07-15 11:00
822,8136,2022-07-19 12:00
823,8138,2022-07-20 12:00
824,8139,2022-07-20 12:00
825,8189,2022-07-28 6:00
826,8190,2022-07-29 8:00
827,8191,2022-07-29 8:00
828,8197,2022-07-22 12:00
829,8199,2022-07-29 7:00
830,8198,2022-07-29 7:00
831,8200,2022-08-02 8:30
832,8201,2022-08-02 8:00
833,8202,2022-07-29 10:00
834,8205,2022-07-29 8:00
835,8217,2022-07-29 16:30
836,8218,2022-07-28 8:00
837,8547,2022-08-11 0:00
838,8323,2022-08-11 0:00
839,8324,2022-08-11 0:00
840,8333,2022-08-02 8:00
841,8414,2022-08-10 0:00
842,8416,2022-08-13 0:00
843,8417,2022-08-12 12:00
844,8418,2022-08-12 12:00
845,8419,2022-08-12 12:00
846,8529,2022-08-11 0:00
847,8589,2022-08-19 12:00
848,8590,2022-08-18 12:00
849,8591,2022-08-18 12:00
850,8593,2022-08-23 12:00
851,8603,2022-08-19 12:00
852,8604,2022-08-20 0:00
853,8605,2022-08-20 0:00
854,8608,2022-08-19 12:00
855,8609,2022-08-20 12:00
856,8619,2022-08-18 12:00
857,8706,2022-08-23 12:00
858,8707,2022-08-23 12:00
859,8708,2022-08-23 12:00
860,8711,2022-08-25 12:00
861,8712,2022-08-26 12:00
862,8751,2022-08-26 0:00
863,8752,2022-08-26 0:00
864,8789,2022-09-02 0:00
865,8793,2022-09-07 0:00
866,8795,2022-09-02 0:00
867,8796,2022-09-07 0:00
868,8797,2022-09-07 0:00
869,8887,2022-09-08 0:00
870,8888,2022-09-07 0:00
871,8892,2022-09-07 0:00
872,8893,2022-09-07 0:00
873,8896,2022-09-12 10:00
874,8899,2022-09-07 0:00
875,8997,2022-09-15 10:00
876,9000,2022-09-14 10:00
877,9003,2022-09-14 10:00
878,9004,2022-09-14 10:00
879,9043,2022-09-15 10:00
880,9095,2022-09-16 0:00
881,9217,2022-09-26 10:00
882,9253,2022-10-03 11:00
883,9263,2022-10-11 1:00
884,9264,2022-10-11 12:00
885,9309,2022-10-13 23:00
886,9310,2022-10-13 23:00
887,9311,2022-10-13 21:00
888,9335,2022-10-07 8:00
889,9336,2022-10-06 9:00
890,9366,2022-10-14 1:00
891,9374,2022-10-14 12:00
892,9375,2022-10-14 1:00
893,5866,2022-04-18 12:00
894,5952,2022-04-29 10:00
895,5953,2022-04-29 10:00
896,5951,2022-04-27 10:30
897,6005,2022-05-03 10:00
898,6173,2022-05-20 15:00
899,6174,2022-05-20 15:00
900,6175,2022-05-20 10:00
901,6187,2022-05-23 15:00
902,6176,2022-05-20 15:00
903,6188,2022-05-23 15:00
904,6189,2022-05-23 15:00
905,6190,2022-05-23 15:00
906,6198,2022-05-25 15:00
907,6199,2022-05-25 15:00
908,6200,2022-05-25 15:00
909,6201,2022-05-30 10:00
910,6202,2022-05-26 15:00
911,6203,2022-05-30 10:00
912,6204,2022-05-30 10:00
913,6205,2022-05-26 15:00
914,6206,2022-05-26 15:00
915,6221,2022-06-01 18:00
916,6222,2022-05-30 15:00
917,6223,2022-05-30 10:00
918,6224,2022-05-30 10:00
919,6225,2022-05-30 10:00
920,6263,2022-05-31 10:00
921,6264,2022-05-31 10:00
922,6268,2022-06-09 15:00
923,6269,2022-06-07 15:00
924,6278,2022-06-07 15:00
925,6270,2022-06-07 15:00
926,6271,2022-06-09 15:00
927,6272,2022-06-09 15:00
928,6284,2022-06-09 15:00
929,6285,2022-06-09 15:00
930,6286,2022-06-10 15:00
931,6287,2022-06-09 15:00
932,6322,2022-06-14 9:00
933,6323,2022-06-14 9:00
934,6324,2022-06-14 9:00
935,6325,2022-06-15 9:00
936,6326,2022-06-15 9:00
937,6327,2022-06-17 15:00
938,6328,2022-06-17 15:00
939,6329,2022-06-17 15:00
940,1526,2021-01-12 9:02
941,1533,2021-01-18 9:13
942,1534,2021-01-21 8:00
943,1535,2021-01-14 12:00
944,1537,2021-01-14 12:00
945,1539,2021-01-18 9:13
946,1540,2021-01-18 9:13
947,1547,2021-01-21 8:00
948,1550,2021-01-21 8:00
949,1554,2021-01-28 3:30
950,1558,2021-02-08 12:39
951,1559,2021-02-04 9:00
952,1563,2021-02-08 12:00
953,1564,2021-02-04 9:00
954,1565,2021-02-07 12:00
955,1566,2021-02-10 12:00
956,1567,2021-02-07 12:00
957,1569,2021-02-04 9:00
958,1571,2021-02-04 12:00
959,1572,2021-02-15 9:30
960,1574,2021-02-14 12:00
961,1576,2021-02-15 9:30
962,1577,2021-02-15 9:30
963,1579,2021-02-10 12:00
964,1588,2021-02-11 12:00
965,1592,2021-02-22 12:00
966,1593,2021-02-22 12:00
967,1602,2021-03-11 12:00
968,1606,2021-03-03 7:30
969,1610,2021-03-21 8:00
970,1611,2021-03-16 8:00
971,1612,2021-03-11 12:00
972,1614,2021-03-10 12:00
973,1637,2021-03-24 7:30
974,1649,2021-04-04 9:14
975,1656,2021-04-05 9:08
976,1657,2021-04-07 7:48
977,1658,2021-04-01 8:00
978,1659,2021-04-08 8:02
979,1661,2021-04-04 7:30
980,1666,2021-04-08 8:10
981,1667,2021-04-05 12:00
982,1674,2021-04-08 8:05
983,1682,2021-04-18 7:53
984,1683,2021-04-21 9:01
985,1684,2021-04-22 8:00
986,1686,2021-05-05 12:00
987,1687,2021-04-21 7:52
988,1692,2021-05-01 10:00
989,1693,2021-04-29 8:30
990,1694,2021-04-28 7:25
991,1695,2021-05-01 12:00
992,1697,2021-05-02 12:00
993,1699,2021-05-01 12:00
994,1700,2021-05-01 12:00
995,1701,2021-05-01 12:00
996,1707,2021-05-07 12:00
997,1709,2021-05-02 9:03
998,1710,2021-05-06 12:00
999,1711,2021-05-05 12:00
1000,1712,2021-05-02 9:00
1001,1713,2021-05-02 9:03
1002,1714,2021-05-02 9:00
1003,1715,2021-05-07 7:30
1004,1716,2021-05-07 7:30
1005,1717,2021-05-07 7:30
1006,1718,2021-05-07 7:30
1007,1719,2021-05-05 12:00
1008,1720,2021-05-08 12:00
1009,1721,2021-05-07 7:30
1010,1732,2021-05-21 9:30
1011,1733,2021-05-21 9:30
1012,1734,2021-05-21 9:00
1013,1735,2021-05-21 9:30
1014,1736,2021-05-15 9:00
1015,1737,2021-05-20 12:00
1016,1744,2021-05-20 12:00
1017,1748,2021-05-16 8:57
1018,1749,2021-05-16 8:30
1019,1750,2021-05-14 8:37
1020,1751,2021-05-16 8:57
1021,1752,2021-05-21 9:30
1022,1753,2021-05-21 9:30
1023,1754,2021-05-16 9:21
1024,1755,2021-05-21 9:30
1025,1756,2021-05-16 9:21
1026,1757,2021-05-16 9:22
1027,1758,2021-05-21 12:00
1028,1762,2021-05-20 12:00
1029,1769,2021-05-28 8:30
1030,1770,2021-05-28 8:30
1031,1772,2021-05-23 8:30
1032,1773,2021-05-29 10:00
1033,1774,2021-05-27 12:00
1034,1775,2021-05-28 12:00
1035,1776,2021-05-28 12:00
1036,1777,2021-05-28 8:30
1037,1778,2021-05-28 8:30
1038,1779,2021-05-23 9:30
1039,1781,2021-05-29 12:00
1040,1782,2021-05-29 10:30
1041,1783,2021-05-28 8:30
1042,1785,2021-05-23 9:00
1043,1789,2021-06-06 14:32
1044,1791,2021-06-11 12:00
1045,1796,2021-05-29 12:00
1046,1798,2021-06-02 9:30
1047,1799,2021-06-01 10:30
1048,1800,2021-06-04 7:30
1049,1801,2021-06-03 8:30
1050,1802,2021-06-03 7:30
1051,1803,2021-06-04 7:30
1052,1804,2021-06-02 10:30
1053,1805,2021-06-03 23:00
1054,1806,2021-06-02 9:43
1055,1807,2021-06-04 7:30
1056,1808,2021-06-03 7:30
1057,1809,2021-06-03 7:42
1058,1810,2021-06-03 8:30
1059,1811,2021-06-06 12:00
1060,1812,2021-06-10 10:00
1061,1813,2021-06-06 13:30
1062,1816,2021-06-09 9:00
1063,1818,2021-06-02 7:30
1064,1819,2021-06-06 14:10
1065,1820,2021-06-13 9:00
1066,1824,2021-06-04 12:00
1067,1825,2021-06-12 9:00
1068,1827,2021-06-05 12:00
1069,1828,2021-06-13 9:00
1070,1829,2021-06-06 13:30
1071,1834,2021-06-06 14:11
1072,1835,2021-06-12 12:00
1073,1840,2021-06-17 8:30
1074,1841,2021-06-18 10:00
1075,1842,2021-06-24 7:00
1076,1843,2021-06-24 7:00
1077,1844,2021-06-24 13:00
1078,1845,2021-06-24 7:00
1079,1846,2021-06-24 7:00
1080,1847,2021-06-17 9:00
1081,1848,2021-06-24 13:00
1082,1849,2021-06-18 7:00
1083,1850,2021-06-18 7:00
1084,1851,2021-06-24 7:00
1085,1852,2021-06-12 12:00
1086,1853,2021-06-18 7:00
1087,1854,2021-06-13 12:00
1088,1855,2021-06-18 7:00
1089,1856,2021-06-23 12:00
1090,1859,2021-06-12 12:00
1091,1862,2021-06-24 7:00
1092,1863,2021-06-24 13:00
1093,1864,2021-06-24 13:30
1094,1865,2021-06-24 12:00
1095,1866,2021-06-24 13:00
1096,1867,2021-06-26 10:30
1097,1870,2021-06-20 12:00
1098,1875,2021-06-24 7:00
1099,1876,2021-07-11 8:00
1100,1877,2021-07-04 7:30
1101,1879,2021-07-01 8:00
1102,1880,2021-06-30 7:00
1103,1882,2021-07-04 7:30
1104,1883,2021-07-03 12:00
1105,1884,2021-07-04 7:00
1106,1885,2021-06-25 12:00
1107,1886,2021-07-02 8:00
1108,1887,2021-06-25 12:00
1109,1888,2021-07-04 7:30
1110,1893,2021-06-25 12:00
1111,1896,2021-07-10 8:30
1112,1897,2021-07-09 8:00
1113,1898,2021-07-10 8:30
1114,1899,2021-07-04 10:00
1115,1902,2021-07-09 8:00
1116,1903,2021-07-09 8:00
1117,1905,2021-07-04 10:00
1118,1906,2021-07-09 8:00
1119,1909,2021-07-17 9:00
1120,1910,2021-07-15 7:30
1121,1912,2021-07-11 12:00
1122,1913,2021-07-14 12:00
1123,1914,2021-07-17 8:30
1124,1915,2021-07-11 12:00
1125,1918,2021-07-22 10:00
1126,1919,2021-07-22 10:00
1127,1920,2021-07-23 11:00
1128,1921,2021-07-22 0:00
1129,1922,2021-07-22 0:00
1130,1923,2021-07-23 11:00
1131,1924,2021-07-22 11:30
1132,1925,2021-07-22 10:00
1133,1927,2021-07-22 12:00
1134,1928,2021-07-21 12:00
1135,1929,2021-07-23 14:00
1136,1930,2021-07-22 0:00
1137,1931,2021-07-23 11:00
1138,1932,2021-08-08 12:00
1139,1933,2021-07-22 12:00
1140,1934,2021-07-23 23:00
1141,1935,2021-07-23 0:00
1142,1937,2021-07-22 12:00
1143,1938,2021-07-23 11:00
1144,1945,2021-08-04 8:30
1145,1948,2021-08-01 12:00
1146,1950,2021-08-06 10:30
1147,1951,2021-07-29 12:00
1148,1952,2021-08-07 7:30
1149,1955,2021-08-07 7:30
1150,1956,2021-08-12 10:00
1151,1957,2021-08-12 9:30
1152,1958,2021-08-06 10:00
1153,1959,2021-08-06 11:00
1154,1963,2021-08-12 12:00
1155,1964,2021-07-31 12:00
1156,1966,2021-08-06 10:00
1157,1998,2021-08-14 0:00
1158,1999,2021-08-14 9:00
1159,2000,2021-08-14 9:00
1160,2001,2021-08-14 9:00
1161,2002,2021-08-29 10:00
1162,2003,2021-08-14 0:00
1163,2004,2021-08-14 7:00
1164,2005,2021-08-14 10:00
1165,2007,2021-08-08 12:00
1166,2009,2021-08-14 0:00
1167,2010,2021-08-12 11:00
1168,2011,2021-08-29 10:00
1169,2013,2021-08-14 9:00
1170,2014,2021-08-14 9:00
1171,2015,2021-08-14 0:00
1172,2016,2021-08-14 11:30
1173,2017,2021-08-20 9:30
1174,2018,2021-08-12 10:00
1175,2019,2021-08-19 10:00
1176,2020,2021-08-14 9:00
1177,2022,2021-08-20 8:30
1178,2023,2021-08-14 0:00
1179,2024,2021-08-20 8:30
1180,2025,2021-08-20 11:00
1181,2026,2021-08-20 8:00
1182,2027,2021-08-20 8:00
1183,2028,2021-08-18 7:30
1184,2031,2021-08-20 9:30
1185,2032,2021-08-20 11:00
1186,2033,2021-08-20 8:30
1187,2034,2021-09-01 10:00
1188,2035,2021-08-18 0:00
1189,2037,2021-08-27 7:30
1190,2038,2021-08-15 12:00
1191,2040,2021-08-20 8:30
1192,2041,2021-08-20 9:30
1193,2042,2021-08-18 7:30
1194,2043,2021-08-15 11:58
1195,2044,2021-08-28 10:00
1196,2045,2021-08-28 10:00
1197,2046,2021-08-14 12:00
1198,2049,2021-08-18 0:00
1199,2050,2021-08-18 8:00
1200,2051,2021-08-18 8:00
1201,2052,2021-08-20 11:00
1202,2057,2021-08-28 10:00
1203,2058,2021-08-28 10:00
1204,2061,2021-08-28 8:30
1205,2062,2021-09-02 8:00
1206,2063,2021-08-28 8:30
1207,2064,2021-09-02 10:00
1208,2065,2021-08-28 7:30
1209,2066,2021-08-27 8:00
1210,2067,2021-08-20 11:00
1211,2069,2021-08-26 12:00
1212,2070,2021-09-02 10:00
1213,2071,2021-08-28 8:30
1214,2072,2021-08-28 8:30
1215,2075,2021-08-29 12:00
1216,2081,2021-08-29 12:00
1217,2094,2021-09-03 12:00
1218,2095,2021-09-03 12:00
1219,2097,2021-09-03 12:00
1220,2111,2021-09-10 12:00
1221,2128,2021-09-10 12:00
1222,2139,2021-09-12 12:00
1223,2144,2021-09-10 12:00
1224,2146,2021-09-09 12:14
1225,2147,2021-09-12 12:21
1226,2148,2021-09-29 10:15
1227,2149,2021-09-15 11:17
1228,2150,2021-09-23 12:10
1229,2151,2021-09-10 11:31
1230,2157,2021-09-12 12:21
1231,2166,2021-09-23 12:00
1232,2167,2021-09-19 12:00
1233,2175,2021-09-18 12:00
1234,2177,2021-09-23 12:10
1235,2178,2021-09-22 9:52
1236,2179,2021-09-18 12:00
1237,2183,2021-09-30 12:00
1238,2200,2021-09-23 12:00
1239,2202,2021-09-30 12:00
1240,2203,2021-09-26 12:00
1241,2204,2021-09-30 12:00
1242,2209,2021-09-25 9:14
1243,2211,2021-10-01 12:00
1244,2212,2021-10-01 12:00
1245,2222,2021-10-06 12:00
1246,2223,2021-10-01 12:00
1247,2236,2021-10-03 12:00
1248,2237,2021-10-02 12:00
1249,2239,2021-10-06 12:00
1250,2241,2021-10-07 1:00
1251,2245,2021-10-07 12:00
1252,2248,2021-10-08 12:00
1253,2251,2021-10-08 8:47
1254,2253,2021-10-16 12:00
1255,2254,2021-10-15 0:00
1256,2263,2021-10-08 12:00
1257,2264,2021-10-09 12:00
1258,2265,2021-10-15 12:00
1259,2267,2021-10-15 10:35
1260,2270,2021-10-15 12:00
1261,2272,2021-10-15 12:00
1262,2277,2021-10-15 1:00
1263,2280,2021-10-15 12:00
1264,2281,2021-10-15 1:00
1265,2283,2021-10-15 12:00
1266,2291,2021-10-27 12:00
1267,2292,2021-10-23 12:00
1268,2298,2021-10-28 12:00
1269,2299,2021-10-30 12:00
1270,2301,2021-11-06 11:05
1271,2305,2021-10-30 12:00
1272,2306,2021-11-01 12:00
1273,2307,2021-11-01 12:00
1274,2308,2021-10-30 12:00
1275,2315,2021-11-05 12:00
1276,2330,2021-11-13 9:50
1277,2339,2021-11-19 12:00
1278,2342,2021-11-12 12:00
1279,2348,2021-11-19 12:00
1280,2349,2021-11-24 12:00
1281,2358,2021-11-18 12:00
1282,2359,2021-11-18 12:00
1283,2360,2021-11-20 12:00
1284,2361,2021-11-25 12:00
1285,2362,2021-11-19 12:00
1286,2368,2021-11-24 12:00
1287,2371,2021-11-24 12:00
1288,2372,2021-11-24 12:00
1289,2378,2021-11-24 12:00
1290,2382,2021-11-24 12:00
1291,2386,2021-11-19 12:00
1292,2388,2021-11-24 12:00
1293,2399,2021-11-28 12:00
1294,2400,2021-11-25 12:00
1295,2401,2021-12-02 12:00
1296,2410,2021-12-03 12:00
1297,2411,2021-11-28 12:00
1298,2413,2021-12-09 12:00
1299,2415,2021-11-28 12:00
1300,2438,2021-12-02 12:00
1301,2429,2021-12-03 11:53
1302,2430,2021-12-03 11:51
1303,2434,2021-12-02 12:00
1304,2427,2021-12-02 12:00
1305,2435,2021-12-02 12:00
1306,2433,2021-12-11 9:07
1307,2440,2021-12-05 11:50
1308,2472,2021-12-11 12:00
1309,2465,2021-12-10 12:00
1310,2464,2021-12-16 12:00
1311,2466,2021-12-11 12:00
1312,2467,2021-12-11 12:00
1313,2469,2021-12-19 12:00
1314,2470,2021-12-19 12:00
1315,2455,2021-12-15 12:00
1316,2447,2021-12-19 12:00
1317,2449,2022-01-02 9:00
1318,2450,2021-12-17 12:00
1319,2498,2021-12-25 12:00
1320,2499,2021-12-25 12:00
1321,2506,2021-12-26 12:00
1322,2512,2021-12-31 12:00
1323,2523,2021-12-31 12:00
1324,2533,2022-01-01 12:00
1325,2535,2021-12-31 12:00
1326,2541,2022-01-08 12:00
1327,2573,2022-01-08 12:00
1328,2576,2022-01-08 12:00
1329,2577,2022-01-08 12:00
1330,2596,2022-01-08 12:00
1331,2603,2022-01-08 12:00
1332,2620,2022-01-12 12:00
1333,2621,2022-01-12 12:00
1334,2627,2022-01-17 12:00
1335,2628,2022-01-18 12:00
1336,2629,2022-01-21 11:00
1337,2631,2022-01-28 12:00
1338,2632,2022-01-28 12:00
1339,2649,2022-01-21 11:00
1340,2651,2022-01-26 12:00
1341,2654,2022-01-20 12:00
1342,2655,2022-01-21 11:00
1343,2656,2022-01-25 12:00
1344,2661,2022-01-25 12:00
1345,2668,2022-01-27 12:00
1346,2682,2022-02-03 12:00
1347,2683,2022-01-31 12:00
1348,2688,2022-02-04 12:00
1349,2689,2022-02-03 12:00
1350,2690,2022-02-01 12:00
1351,2691,2022-02-08 12:00
1352,2692,2022-02-08 12:00
1353,2695,2022-02-02 12:00
1354,2698,2022-02-08 11:52
1355,2699,2022-02-08 11:53
1356,2703,2022-02-08 11:51
1357,2706,2022-02-02 12:00
1358,2718,2022-02-16 12:00
1359,2719,2022-02-16 12:00
1360,2725,2022-02-28 12:00
1361,2741,2022-03-23 12:00
1362,2743,2022-02-28 12:00
1363,2750,2022-03-09 12:00
1364,2751,2022-03-08 12:00
1365,2752,2022-03-08 12:00
1366,2755,2022-03-23 12:00
1367,2756,2022-03-23 12:00
1368,2757,2022-03-23 12:00
1369,2765,2022-03-18 12:00
1370,2766,2022-03-18 12:00
1371,2767,2022-03-22 12:00
1372,2772,2022-03-22 12:00
1373,2774,2022-03-22 12:00
1374,2775,2022-03-22 12:00
1375,2786,2022-04-15 11:00
1376,2787,2022-04-05 12:00
1377,2788,2022-04-05 12:00
1378,2807,2022-03-28 12:00
1379,2808,2022-03-28 12:00
1380,2829,2022-04-05 12:00
1381,2831,2022-04-15 11:00
1382,2839,2022-04-26 12:00
1383,2843,2022-04-21 12:00
1384,2844,2022-04-26 12:00
1385,5804,2022-04-19 14:04
1386,5817,2022-04-13 12:00
1387,5835,2022-04-18 11:00
1388,5838,2022-04-26 12:00
1389,5839,2022-04-26 12:00
1390,5848,2022-05-03 12:00
1391,5849,2022-04-27 12:00
1392,5850,2022-05-05 12:00
1393,5851,2022-05-05 12:00
1394,5853,2022-05-04 12:00
1395,5854,2022-05-04 12:00
1396,5855,2022-05-04 12:00
1397,5856,2022-04-27 12:00
1398,5858,2022-04-26 12:00
1399,5872,2022-04-29 12:00
1400,5881,2022-04-28 12:00
1401,5897,2022-05-04 12:00
1402,5904,2022-05-04 12:00
1403,5905,2022-05-04 12:00
1404,5908,2022-05-03 12:00
1405,5909,2022-05-03 12:00
1406,5912,2022-05-05 12:00
1407,5955,2022-05-12 12:00
1408,5956,2022-05-11 12:00
1409,5968,2022-05-13 12:00
1410,5969,2022-05-13 12:00
1411,5970,2022-05-12 12:00
1412,5971,2022-05-11 12:00
1413,5972,2022-05-12 12:00
1414,5973,2022-05-12 12:00
1415,5978,2022-05-11 12:00
1416,5981,2022-05-06 12:00
1417,5991,2022-05-16 12:00
1418,5992,2022-05-16 12:00
1419,5993,2022-05-12 12:00
1420,5997,2022-05-19 12:00
1421,5998,2022-05-19 12:00
1422,5999,2022-05-20 12:00
1423,6000,2022-05-20 12:00
1424,6015,2022-05-20 12:00
1425,6016,2022-05-18 12:00
1426,6018,2022-05-18 12:00
1427,6019,2022-05-18 12:00
1428,6026,2022-05-12 12:00
1429,6032,2022-05-13 11:40
1430,6043,2022-05-19 12:00
1431,6048,2022-05-24 12:00
1432,6056,2022-05-27 12:00
1433,6057,2022-05-27 12:00
1434,6058,2022-05-27 12:00
1435,6059,2022-05-27 12:00
1436,6065,2022-05-24 8:13
1437,6066,2022-05-27 12:00
1438,6067,2022-05-25 12:00
1439,6068,2022-05-25 12:00
1440,6098,2022-05-24 12:00
1441,6102,2022-05-26 12:00
1442,6110,2022-05-26 12:00
1443,6116,2022-06-06 14:57
1444,6117,2022-05-30 12:00
1445,6118,2022-05-30 12:00
1446,6130,2022-06-01 12:00
1447,6132,2022-06-01 12:00
1448,6133,2022-06-06 14:57
1449,6134,2022-06-02 12:00
1450,6135,2022-06-01 12:00
1451,6136,2022-05-30 12:00
1452,6137,2022-05-31 12:00
1453,6138,2022-06-01 12:00
1454,6139,2022-06-07 12:00
1455,6140,2022-06-01 12:00
1456,6141,2022-06-07 12:00
1457,6195,2022-06-07 12:00
1458,6196,2022-06-07 12:00
1459,6197,2022-06-13 12:00
1460,6207,2022-06-07 12:00
1461,6208,2022-06-13 12:00
1462,6209,2022-06-07 12:00
1463,6210,2022-06-08 12:00
1464,6212,2022-06-07 12:00
1465,6214,2022-06-06 14:57
1466,6217,2022-06-01 12:00
1467,6218,2022-06-08 12:00
1468,6250,2022-06-13 12:00
1469,6252,2022-06-15 9:50
1470,6253,2022-06-13 12:00
1471,6254,2022-06-13 12:00
1472,6257,2022-06-07 12:00
1473,6258,2022-06-08 12:00
1474,6262,2022-06-13 12:00
1475,6274,2022-06-17 10:04
1476,6275,2022-06-17 10:03
1477,6291,2022-06-15 12:00
1478,6296,2022-06-16 12:00
1479,6316,2022-06-27 12:00
1480,6317,2022-06-29 13:03
1481,6318,2022-06-27 12:00
1482,6319,2022-07-01 12:41
1483,6320,2022-07-04 14:23
1484,6336,2022-06-27 12:28
1485,7922,2022-07-05 12:20
1486,7924,2022-07-06 12:00
1487,7929,2022-07-06 12:00
1488,7931,2022-06-29 12:00
1489,7932,2022-07-06 11:55
1490,7935,2022-07-05 10:00
1491,7936,2022-07-07 11:00
1492,7937,2022-07-05 10:30
1493,7938,2022-07-05 10:30
1494,7939,2022-07-01 10:00
1495,7940,2022-07-18 12:00
1496,7941,2022-07-07 11:00
1497,7942,2022-07-07 11:00
1498,7943,2022-07-01 10:00
1499,7944,2022-07-12 21:00
1500,7992,2022-07-19 12:00
1501,7994,2022-07-13 12:00
1502,8043,2022-07-08 12:00
1503,8044,2022-07-11 12:00
1504,8045,2022-07-18 15:00
1505,8046,2022-07-18 13:00
1506,8102,2022-07-13 12:00
1507,8103,2022-07-19 12:00
1508,8111,2022-07-18 12:00
1509,8112,2022-07-15 11:00
1510,8113,2022-07-20 10:00
1511,8114,2022-07-20 10:00
1512,8115,2022-07-15 11:00
1513,8116,2022-07-20 10:00
1514,8134,2022-07-20 12:00
1515,8135,2022-07-15 15:30
1516,8137,2022-07-14 12:00
1517,8187,2022-07-25 15:15
1518,8188,2022-07-26 12:00
1519,8192,2022-07-21 12:00
1520,8193,2022-07-21 12:00
1521,8194,2022-07-25 12:00
1522,8195,2022-07-21 12:00
1523,8196,2022-07-29 12:00
1524,8203,2022-07-28 12:00
1525,8204,2022-07-28 12:00
1526,8206,2022-07-25 12:21
1527,8207,2022-07-25 15:15
1528,8208,2022-07-26 9:28
1529,8209,2022-07-28 12:00
1530,8211,2022-07-28 12:00
1531,8210,2022-07-22 12:00
1532,8212,2022-07-22 12:00
1533,8213,2022-07-26 12:00
1534,8214,2022-07-26 12:00
1535,8215,2022-07-22 12:00
1536,8216,2022-07-25 12:00
1537,8219,2022-07-26 9:00
1538,8220,2022-07-26 9:00
1539,8221,2022-07-26 9:00
1540,8548,2022-08-03 12:00
1541,8492,2022-08-02 12:00
1542,8325,2022-08-09 12:00
1543,8326,2022-08-09 12:00
1544,8327,2022-08-09 12:00
1545,8328,2022-08-09 12:00
1546,8329,2022-07-28 12:00
1547,8330,2022-07-27 9:00
1548,8331,2022-08-03 9:30
1549,8332,2022-08-03 9:30
1550,8399,2022-08-03 8:49
1551,8409,2022-08-09 12:00
1552,8410,2022-08-09 12:00
1553,8411,2022-08-03 13:55
1554,8412,2022-08-04 8:52
1555,8413,2022-08-04 12:00
1556,8415,2022-08-04 12:00
1557,8420,2022-08-08 12:00
1558,8421,2022-08-11 12:00
1559,8422,2022-08-11 12:00
1560,8423,2022-08-12 12:00
1561,8424,2022-08-10 12:00
1562,8457,2022-08-10 12:00
1563,8528,2022-08-09 12:00
1564,8530,2022-08-04 12:00
1565,8531,2022-08-08 12:48
1566,8532,2022-08-10 13:00
1567,8533,2022-08-10 13:00
1568,8586,2022-08-17 12:00
1569,8587,2022-08-17 12:00
1570,8588,2022-08-17 12:00
1571,8592,2022-08-19 12:00
1572,8594,2022-08-15 12:00
1573,8595,2022-08-16 12:00
1574,8596,2022-08-25 12:00
1575,8597,2022-08-22 12:00
1576,8598,2022-08-25 12:00
1577,8599,2022-08-19 12:00
1578,8600,2022-08-19 12:00
1579,8601,2022-08-15 12:00
1580,8602,2022-08-17 12:00
1581,8606,2022-08-22 12:00
1582,8607,2022-08-22 12:00
1583,8610,2022-08-19 12:00
1584,8611,2022-08-19 12:00
1585,8612,2022-08-19 12:00
1586,8620,2022-08-17 10:00
1587,8621,2022-08-17 10:00
1588,8622,2022-08-17 10:00
1589,8705,2022-08-25 12:00
1590,8709,2022-08-22 12:00
1591,8710,2022-08-25 12:00
1592,8713,2022-08-23 12:00
1593,8714,2022-08-23 12:00
1594,8715,2022-08-25 12:00
1595,8716,2022-08-24 12:00
1596,8750,2022-08-29 12:00
1597,8753,2022-08-25 12:00
1598,8754,2022-08-22 12:00
1599,8755,2022-08-26 8:00
1600,8756,2022-08-25 8:30
1601,8757,2022-08-29 12:00
1602,8782,2022-08-30 9:30
1603,8783,2022-08-30 12:00
1604,8784,2022-08-26 12:00
1605,8785,2022-08-23 12:00
1606,8786,2022-08-30 12:00
1607,8787,2022-08-30 12:00
1608,8788,2022-08-29 12:00
1609,8790,2022-08-26 12:00
1610,8791,2022-08-25 15:46
1611,8794,2022-08-29 12:00
1612,8792,2022-08-25 11:54
1613,8798,2022-08-30 11:00
1614,8885,2022-09-07 12:00
1615,8886,2022-09-02 12:00
1616,8889,2022-08-31 12:00
1617,8890,2022-09-05 12:00
1618,8891,2022-09-07 12:00
1619,8895,2022-09-07 12:00
1620,8894,2022-09-07 12:00
1621,8897,2022-09-07 12:00
1622,8898,2022-09-07 12:00
1623,8900,2022-09-05 12:00
1624,8901,2022-09-13 11:00
1625,8902,2022-09-13 11:00
1626,8995,2022-09-09 12:00
1627,8996,2022-09-09 12:00
1628,8998,2022-09-14 12:00
1629,8999,2022-09-19 12:00
1630,9001,2022-09-14 12:00
1631,9002,2022-09-14 12:00
1632,9005,2022-09-10 12:00
1633,9042,2022-09-09 12:00
1634,9044,2022-09-13 12:00
1635,9045,2022-09-19 15:00
1636,9046,2022-09-21 12:00
1637,9047,2022-09-15 9:00
1638,9048,2022-09-13 10:00
1639,9051,2022-09-09 12:00
1640,9096,2022-09-14 12:00
1641,9097,2022-09-15 12:00
1642,9098,2022-09-23 10:00
1643,9216,2022-09-23 12:00
1644,9231,2022-09-23 9:30
1645,9254,2022-09-28 12:00
1646,9255,2022-09-28 12:00
1647,9258,2022-09-29 10:00
1648,9259,2022-09-29 10:30
1649,9265,2022-10-01 12:00
1650,9305,2022-10-27 13:00
1651,9312,2022-10-14 12:00
1652,9313,2022-10-19 10:42
1653,9333,2022-10-06 12:00
1654,9334,2022-10-05 15:00
1655,9337,2022-10-07 9:00
1656,9338,2022-10-11 12:00
1657,9339,2022-10-07 9:00
1658,9344,2022-10-19 10:42
1659,9367,2022-10-12 12:00
1660,9368,2022-10-21 9:15
1661,9369,2022-10-18 12:00
1662,9370,2022-10-19 12:00
1663,9371,2022-10-25 9:30
1664,9372,2022-10-13 16:00
1665,9373,2022-10-13 12:00
1666,9376,2022-10-12 3:00
1667,9411,2022-10-26 8:30
1668,9412,2022-10-26 8:17
1669,9414,2022-10-26 8:17
1670,9415,2022-10-27 13:00
1671,9416,2022-10-27 13:00
1672,9506,2022-10-28 12:00
1673,9502,2022-10-28 12:00
1674,9505,2022-11-02 14:00
1675,9507,2022-11-02 14:00
1676,9503,2022-11-02 12:30
1677,9504,2022-11-07 9:28
1678,3,2022-11-08 11:00
1679,4,2022-11-08 11:00
1680,5,2022-11-08 11:00
1681,8,2022-11-04 12:00
1682,10,2022-11-08 11:00
1683,9508,2022-11-10 12:00
1684,9509,2022-11-09 10:00
1685,9510,2022-11-03 15:00
1686,9522,2022-11-04 12:00
1687,9523,2022-11-10 12:00
1688,9524,2022-11-07 11:00
1689,9525,2022-11-04 12:00
1690,9526,2022-11-04 10:00
1691,9527,2022-11-10 9:30
1692,9528,2022-11-08 11:30
1693,9536,2022-11-02 12:00
1694,9537,2022-11-10 12:00
1695,9543,2022-11-02 12:00
1696,9544,2022-11-10 12:00
1697,9545,2022-11-02 12:00
1698,9579,2022-11-15 13:36
1699,9580,2022-11-11 9:00
1700,9581,2022-11-09 12:00
1701,9582,2022-11-10 12:45
1702,9583,2022-11-11 11:29
1703,9584,2022-11-14 8:30
1704,9627,2022-11-18 13:30
1705,9628,2022-11-18 10:30
1706,9629,2022-11-17 9:32
1707,9653,2022-11-18 10:30
1708,9658,2022-11-18 12:00
1709,9673,2022-11-24 15:00
1710,9694,2022-11-22 15:00
1711,5941,2022-05-02 15:30
1712,5934,2022-04-28 10:00
1713,5948,2022-04-28 10:00
1714,5949,2022-04-28 10:00
1715,5945,2022-04-28 10:00
1716,5933,2022-04-28 0:00
1717,5950,2022-04-28 10:00
1718,5935,2022-05-03 18:09
1719,6006,2022-05-04 9:51
1720,5833,2022-04-12 10:30
1721,5834,2022-04-12 10:30
1722,818,2020-01-16 0:00
1723,819,2020-01-26 0:00
1724,801,2020-02-05 0:00
1725,945,2020-03-05 0:00
1726,959,2020-04-01 0:00
1727,838,2020-01-17 0:00
1728,842,2020-01-11 0:00
1729,841,2020-01-12 0:00
1730,840,2020-01-11 0:00
1731,845,2020-01-19 0:00
1732,846,2020-01-19 0:00
1733,847,2020-01-17 0:00
1734,849,2020-01-25 0:00
1735,850,2020-01-23 0:00
1736,851,2020-01-26 0:00
1737,852,2020-01-26 0:00
1738,806,2020-02-01 0:00
1739,809,2020-02-01 0:00
1740,805,2020-02-01 0:00
1741,915,2020-03-05 0:00
1742,910,2020-03-06 0:00
1743,917,2020-03-06 0:00
1744,921,2020-03-12 0:00
1745,926,2020-03-14 0:00
1746,922,2020-03-13 0:00
1747,928,2020-03-19 0:00
1748,932,2020-03-15 0:00
1749,927,2020-03-14 0:00
1750,937,2020-03-22 0:00
1751,938,2020-03-22 0:00
1752,939,2020-03-20 0:00
1753,940,2020-03-20 0:00
1754,973,2020-04-01 0:00
1755,961,2020-04-01 0:00
1756,962,2020-03-28 0:00
1757,963,2020-03-29 0:00
1758,964,2020-03-29 0:00
1759,974,2020-04-01 0:00
1760,982,2020-04-05 0:00
1761,992,2020-04-09 0:00
1762,988,2020-04-09 0:00
1763,987,2020-04-09 0:00
1764,984,2020-04-05 0:00
1765,985,2020-04-09 0:00
1766,1007,2020-04-17 0:00
1767,996,2020-04-11 0:00
1768,997,2020-04-12 0:00
1769,1014,2020-04-16 0:00
1770,1033,2020-04-17 0:00
1771,1029,2020-04-17 0:00
1772,1030,2020-04-18 0:00
1773,1031,2020-04-18 0:00
1774,1032,2020-04-18 0:00
1775,1043,2020-04-26 0:00
1776,1044,2020-04-25 0:00
1777,1041,2020-04-25 0:00
1778,1042,2020-04-25 0:00
1779,1045,2020-04-29 0:00
1780,1061,2020-05-06 0:00
1781,1083,2020-06-21 0:00
1782,1107,2020-06-27 0:00
1783,1108,2020-06-22 0:00
1784,1127,2020-06-30 0:00
1785,1133,2020-07-06 0:00
1786,1134,2020-07-07 0:00
1787,1144,2020-07-15 0:00
1788,1152,2020-07-13 0:00
1789,1163,2020-07-22 0:00
1790,1162,2020-07-26 0:00
1791,1188,2020-07-27 0:00
1792,1185,2020-07-27 0:00
1793,1186,2020-07-27 0:00
1794,1209,2020-08-08 0:00
1795,1210,2020-08-08 0:00
1796,1207,2020-08-04 0:00
1797,1208,2020-08-05 0:00
1798,1228,2020-08-15 0:00
1799,1245,2020-08-19 0:00
1800,1244,2020-08-17 0:00
1801,1251,2020-08-24 0:00
1802,1258,2020-08-24 0:00
1803,1243,2020-08-23 0:00
1804,1247,2020-08-24 0:00
1805,1250,2020-08-23 0:00
1806,1266,2020-08-25 0:00
1807,1282,2020-09-01 0:00
1808,1267,2020-08-30 0:00
1809,1308,2020-09-16 0:00
1810,1292,2020-09-06 0:00
1811,1306,2020-09-15 0:00
1812,1324,2020-09-19 0:00
1813,1323,2020-09-15 0:00
1814,1328,2020-09-23 0:00
1815,1344,2020-09-22 0:00
1816,1345,2020-09-23 0:00
1817,1369,2020-10-04 0:00
1818,1351,2020-10-05 0:00
1819,1374,2020-10-18 0:00
1820,1372,2020-10-20 0:00
1821,1373,2020-10-10 0:00
1822,1385,2020-10-25 0:00
1823,1384,2020-10-17 0:00
1824,1380,2020-10-11 0:00
1825,1441,2020-11-08 0:00
1826,1448,2020-11-09 0:00
1827,1466,2020-12-05 0:00
1828,1465,2020-11-24 0:00
1829,1488,2020-12-06 0:00
1830,1603,2021-02-21 0:00
1831,1597,2021-02-18 0:00
1832,1595,2021-02-21 0:00
1833,1616,2021-03-16 0:00
1834,1627,2021-03-18 0:00
1835,1626,2021-03-18 0:00
1836,1644,2021-04-04 0:00
1837,1645,2021-03-22 0:00
1838,1653,2021-03-31 0:00
1839,1655,2021-04-13 0:00
1840,1676,2021-04-13 0:00
1841,1672,2021-04-07 0:00
1842,1671,2021-04-13 0:00
1843,1677,2021-04-13 0:00
1844,1681,2021-04-13 0:00
1845,1708,2021-05-02 0:00
1846,1705,2021-04-28 0:00
1847,1741,2021-05-12 0:00
1848,1740,2021-05-06 0:00
1849,1729,2021-05-04 0:00
1850,1728,2021-04-29 0:00
1851,1742,2021-05-10 0:00
1852,1743,2021-05-09 0:00
1853,1764,2021-05-25 0:00
1854,1767,2021-05-17 0:00
1855,1788,2021-05-24 0:00
1856,1786,2021-05-18 0:00
1857,1793,2021-06-14 0:00
1858,1792,2021-05-25 0:00
1859,1830,2021-06-01 0:00
1860,1860,2021-06-09 0:00
1861,1838,2021-05-29 0:00
1862,1839,2021-05-27 0:00
1863,1873,2021-06-10 0:00
1864,1871,2021-06-04 0:00
1865,1890,2021-06-16 0:00
1866,1969,2021-06-10 8:54
1867,1974,2021-06-24 9:25
1868,2021,2021-06-23 8:58
1869,1994,2021-06-18 10:52
1870,1975,2021-07-02 10:17
1871,1970,2021-06-30 7:52
1872,1976,2021-07-04 7:23
1873,1977,2021-07-10 8:28
1874,1971,2021-07-02 7:07
1875,1972,2021-07-11 7:35
1876,1979,2021-08-07 8:51
1877,1978,2021-07-18 9:09
1878,1995,2021-07-17 10:36
1879,1980,2021-07-18 9:09
1880,1981,2021-08-04 7:59
1881,1996,2021-07-29 11:27
1882,1983,2021-07-23 8:05
1883,1982,2021-07-31 9:29
1884,1984,2021-09-12 14:00
1885,1973,2021-07-22 8:13
1886,728,2020-01-12 13:35
1887,777,2020-01-12 12:00
1888,733,2020-01-14 14:33
1889,774,2020-01-15 12:00
1890,775,2020-01-13 12:00
1891,748,2020-01-18 17:00
1892,755,2020-01-11 12:00
1893,763,2020-01-21 15:42
1894,779,2020-01-20 12:00
1895,773,2020-01-21 15:42
1896,788,2020-01-27 10:45
1897,789,2020-02-02 13:40
1898,790,2020-01-27 10:45
1899,791,2020-02-05 12:00
1900,792,2020-01-27 12:00
1901,867,2020-03-04 12:00
1902,868,2020-03-01 12:00
1903,869,2020-03-04 8:00
1904,870,2020-03-04 10:00
1905,874,2020-03-04 12:30
1906,875,2020-03-01 17:20
1907,876,2020-03-02 12:00
1908,877,2020-03-01 12:00
1909,878,2020-03-01 12:00
1910,879,2020-03-02 1:01
1911,880,2020-03-02 8:20
1912,881,2020-03-04 1:00
1913,882,2020-03-04 10:00
1914,883,2020-03-02 1:01
1915,885,2020-03-02 12:00
1916,886,2020-03-01 12:00
1917,887,2020-03-01 17:20
1918,889,2020-03-01 17:20
1919,897,2020-03-01 17:20
1920,898,2020-03-01 11:00
1921,899,2020-03-01 12:00
1922,900,2020-02-29 12:00
1923,901,2020-03-01 12:00
1924,902,2020-02-29 9:45
1925,903,2020-02-29 12:00
1926,904,2020-02-29 9:45
1927,905,2020-02-26 12:00
1928,906,2020-02-27 12:00
1929,907,2020-02-26 12:00
1930,912,2020-03-08 12:00
1931,913,2020-03-11 11:50
1932,930,2020-03-17 8:30
1933,943,2020-03-23 9:00
1934,956,2020-03-31 10:17
1935,966,2020-03-29 10:05
1936,967,2020-03-29 10:05
1937,968,2020-04-06 8:51
1938,979,2020-04-08 11:05
1939,980,2020-04-08 11:05
1940,986,2020-04-12 16:45
1941,995,2020-04-15 13:40
1942,1001,2020-04-15 13:01
1943,1002,2020-04-19 12:25
1944,1003,2020-04-15 13:01
1945,1004,2020-04-15 13:01
1946,1006,2020-05-04 12:00
1947,1008,2020-04-15 13:01
1948,1009,2020-04-13 12:00
1949,1035,2020-04-21 12:30
1950,1036,2020-05-02 10:00
1951,1052,2020-05-05 9:00
1952,1053,2020-05-04 12:00
1953,1055,2020-05-09 10:20
1954,1056,2020-05-07 12:00
1955,1058,2020-05-04 12:00
1956,1060,2020-05-23 9:35
1957,1063,2020-05-05 9:00
1958,1069,2020-05-13 11:15
1959,1071,2020-05-25 10:00
1960,1073,2020-06-06 3:00
1961,1074,2020-06-06 10:50
1962,1075,2020-06-10 15:51
1963,1076,2020-06-10 16:30
1964,1078,2020-06-21 13:34
1965,1079,2020-06-17 11:00
1966,1080,2020-06-16 14:48
1967,1084,2020-06-23 9:20
1968,1082,2020-06-23 12:00
1969,1081,2020-06-23 9:20
1970,1086,2020-06-22 9:05
1971,1088,2020-07-12 11:04
1972,1089,2020-07-12 11:04
1973,1090,2020-07-11 14:07
1974,1091,2020-07-11 14:07
1975,1092,2020-07-11 11:55
1976,1093,2020-07-11 11:55
1977,1094,2020-07-11 15:23
1978,1095,2020-07-11 15:23
1979,1096,2020-07-12 9:00
1980,1097,2020-07-11 12:00
1981,1098,2020-07-11 9:30
1982,1099,2020-07-11 11:55
1983,1100,2020-07-11 9:30
1984,1101,2020-07-11 14:07
1985,1102,2020-07-11 9:30
1986,1103,2020-07-12 9:00
1987,1105,2020-07-01 15:30
1988,1106,2020-07-05 14:22
1989,1111,2020-07-06 9:52
1990,1113,2020-07-15 9:37
1991,1114,2020-07-20 12:00
1992,1115,2020-07-15 12:00
1993,1122,2020-07-15 9:37
1994,1123,2020-07-14 12:00
1995,1124,2020-07-15 12:14
1996,1125,2020-07-14 12:00
1997,1128,2020-07-14 12:00
1998,1129,2020-07-18 12:14
1999,1130,2020-07-18 10:58
2000,1131,2020-07-19 14:13
2001,1132,2020-07-15 12:14
2002,1136,2020-07-15 12:14
2003,1137,2020-07-22 9:25
2004,1138,2020-07-20 10:09
2005,1139,2020-07-26 11:12
2006,1140,2020-07-26 10:20
2007,1141,2020-07-25 12:00
2008,1142,2020-07-20 12:00
2009,1146,2020-07-27 15:55
2010,1148,2020-07-26 16:00
2011,1147,2020-07-26 16:30
2012,1149,2020-07-26 17:00
2013,1150,2020-07-26 12:25
2014,1151,2020-07-25 12:00
2015,1157,2020-07-28 11:08
2016,1158,2020-08-03 12:00
2017,1159,2020-07-28 12:00
2018,1161,2020-08-01 12:00
2019,1164,2020-07-27 17:00
2020,1165,2020-07-27 17:15
2021,1166,2020-08-02 12:00
2022,1168,2020-07-29 12:00
2023,1169,2020-07-29 9:20
2024,1173,2020-08-01 12:00
2025,1176,2020-08-08 17:20
2026,1177,2020-08-05 10:05
2027,1178,2020-08-10 12:00
2028,1179,2020-08-04 12:00
2029,1181,2020-08-05 13:05
2030,1183,2020-08-05 13:05
2031,1187,2020-08-03 12:01
2032,1193,2020-08-10 9:55
2033,1194,2020-08-10 12:00
2034,1195,2020-08-10 12:00
2035,1197,2020-08-10 12:00
2036,1200,2020-08-10 12:00
2037,1201,2020-08-17 11:43
2038,1202,2020-08-11 11:10
2039,1204,2020-08-16 11:25
2040,1203,2020-08-24 11:40
2041,1206,2020-08-21 13:11
2042,1211,2020-08-21 11:09
2043,1212,2020-08-18 12:00
2044,1213,2020-08-18 12:00
2045,1215,2020-08-21 11:09
2046,1216,2020-08-17 9:36
2047,1217,2020-08-21 11:09
2048,1218,2020-08-25 0:00
2049,1219,2020-08-24 12:00
2050,1220,2020-08-23 9:30
2051,1221,2020-08-21 13:11
2052,1224,2020-08-18 12:00
2053,1225,2020-08-24 10:09
2054,1226,2020-08-23 10:30
2055,1229,2020-08-24 0:00
2056,1231,2020-08-25 15:34
2057,1232,2020-08-24 12:00
2058,1233,2020-08-24 0:00
2059,1234,2020-08-25 15:34
2060,1235,2020-08-24 11:40
2061,1236,2020-08-28 12:00
2062,1238,2020-08-24 0:00
2063,1239,2020-08-28 9:37
2064,1240,2020-08-24 10:09
2065,1241,2020-08-28 9:37
2066,1242,2020-08-28 9:37
2067,1261,2020-09-07 16:12
2068,1253,2020-08-31 0:00
2069,1254,2020-08-31 0:00
2070,1263,2020-09-04 15:21
2071,1255,2020-08-31 0:00
2072,1262,2020-08-31 0:00
2073,1265,2020-09-07 16:12
2074,1264,2020-08-31 9:18
2075,1260,2020-09-04 15:21
2076,1256,2020-09-04 15:21
2077,1252,2020-09-07 10:20
2078,1268,2020-09-12 15:40
2079,1269,2020-09-12 12:00
2080,1270,2020-09-11 0:00
2081,1272,2020-09-12 0:00
2082,1273,2020-09-11 0:00
2083,1275,2020-09-12 15:45
2084,1276,2020-09-14 14:35
2085,1277,2020-09-12 15:40
2086,1278,2020-09-14 14:35
2087,1279,2020-09-12 18:00
2088,1280,2020-09-12 18:00
2089,1283,2020-09-12 12:00
2090,1284,2020-09-12 18:00
2091,1285,2020-09-12 18:00
2092,1286,2020-09-12 15:40
2093,1291,2020-08-25 0:00
2094,1294,2020-09-25 9:00
2095,1295,2020-09-14 12:00
2096,1297,2020-09-18 0:00
2097,1298,2020-09-15 11:28
2098,1299,2020-09-15 11:28
2099,1300,2020-09-15 11:28
2100,1301,2020-09-20 12:00
2101,1303,2020-09-19 0:00
2102,1304,2020-09-19 12:00
2103,1305,2020-09-20 12:00
2104,1307,2020-09-18 0:00
2105,1310,2020-09-25 12:28
2106,1312,2020-09-20 9:19
2107,1313,2020-09-25 9:54
2108,1314,2020-09-25 12:28
2109,1315,2020-09-27 10:11
2110,1316,2020-09-25 12:28
2111,1317,2020-09-21 0:00
2112,1319,2020-10-09 12:00
2113,1320,2020-09-25 12:28
2114,1321,2020-09-27 10:05
2115,1322,2020-09-21 0:00
2116,1326,2020-09-25 9:54
2117,1329,2020-09-27 10:05
2118,1330,2020-09-27 10:05
2119,1331,2020-09-27 12:00
2120,1332,2020-10-03 12:00
2121,1334,2020-09-27 12:30
2122,1336,2020-10-03 12:00
2123,1338,2020-10-02 15:30
2124,1339,2020-09-29 12:00
2125,1340,2020-10-02 15:30
2126,1341,2020-10-02 8:50
2127,1342,2020-10-02 13:43
2128,1343,2020-10-02 13:43
2129,1348,2020-10-06 12:00
2130,1349,2020-10-10 14:09
2131,1352,2020-10-05 12:00
2132,1353,2020-10-05 16:30
2133,1354,2020-10-05 12:00
2134,1355,2020-10-10 12:53
2135,1356,2020-10-05 16:30
2136,1360,2020-10-10 14:09
2137,1361,2020-10-06 12:00
2138,1363,2020-10-10 12:53
2139,1364,2020-10-12 11:56
2140,1365,2020-10-12 11:56
2141,1366,2020-10-06 12:00
2142,1375,2020-10-25 9:05
2143,1378,2020-10-23 8:45
2144,1379,2020-10-20 8:35
2145,1387,2020-10-20 8:35
2146,1389,2020-10-20 8:35
2147,1390,2020-10-20 8:35
2148,1393,2020-10-26 8:40
2149,1394,2020-11-02 12:00
2150,1395,2020-10-25 12:00
2151,1398,2020-11-03 12:00
2152,1401,2020-11-09 8:04
2153,1402,2020-11-08 12:00
2154,1403,2020-11-06 12:00
2155,1404,2020-11-09 14:38
2156,1408,2020-11-14 8:45
2157,1409,2020-11-15 7:35
2158,1411,2020-11-15 7:35
2159,1443,2020-11-22 8:51
2160,1444,2020-11-23 9:49
2161,1445,2020-11-22 8:50
2162,1446,2020-11-17 12:00
2163,1451,2020-11-29 10:00
2164,1459,2020-12-06 8:00
2165,1460,2020-11-27 9:30
2166,1463,2020-12-11 7:30
2167,1464,2020-12-07 12:00
2168,1467,2020-12-06 8:00
2169,1469,2020-12-06 8:00
2170,1470,2020-12-06 8:00
2171,1471,2020-12-11 7:30
2172,1477,2020-12-12 11:00
2173,1483,2020-12-11 8:05
2174,1490,2021-01-01 9:09
2175,1497,2020-12-20 8:50
2176,1501,2021-01-01 9:09
2177,1502,2020-12-26 9:02
2178,1503,2020-12-21 12:00
2179,1507,2020-12-30 9:01
2180,1514,2020-12-30 9:02
2181,1515,2020-12-31 13:20
2182,1517,2020-12-31 13:20
2183,1516,2020-12-31 13:20
2184,1519,2021-01-07 12:00
2185,1941,2021-07-01 20:00
2186,8800,2022-08-13 7:00
2187,8801,2022-08-12 10:00
2188,8802,2022-08-09 9:00
2189,9655,2022-11-05 10:00
2190,9654,2022-11-06 2:30
2191,9679,2022-11-12 17:30
2192,9678,2022-11-11 19:00
2193,8001,2022-06-18 15:00
2194,8002,2022-06-19 15:00
2195,8003,2022-06-18 15:00
2196,7999,2022-06-18 20:00
2197,8004,2022-06-19 15:00
2198,8000,2022-06-18 15:00
2199,7998,2022-06-18 15:00
2200,7981,2022-06-14 15:00
2201,7871,2022-06-14 15:00
2202,7872,2022-06-14 15:00
2203,7873,2022-06-13 15:00
2204,7874,2022-06-17 15:00
2205,7875,2022-06-13 15:00
2206,7876,2022-06-17 15:00
2207,7877,2022-06-12 15:00
2208,7878,2022-06-13 15:00
2209,7879,2022-06-12 15:00
2210,7880,2022-06-12 15:00
2211,7881,2022-06-13 15:00
2212,7882,2022-06-13 15:00
2213,7883,2022-06-13 15:00
2214,7884,2022-06-17 15:00
2215,7885,2022-06-13 15:00
2216,7978,2022-06-18 15:00
2217,7979,2022-06-24 15:00
2218,7980,2022-06-24 15:00
2219,8062,2022-06-25 15:00
2220,8063,2022-06-25 15:00
2221,8074,2022-06-25 15:00
2222,8064,2022-06-25 15:00
2223,8065,2022-06-25 15:00
2224,8075,2022-06-25 15:00
2225,8066,2022-06-26 15:00
2226,8067,2022-06-26 15:00
2227,8076,2022-06-26 15:00
2228,8068,2022-06-26 15:00
2229,8070,2022-06-26 15:00
2230,8077,2022-06-26 15:00
2231,8071,2022-06-26 15:00
2232,8072,2022-06-26 15:00
2233,8078,2022-06-26 15:00
2234,8073,2022-06-26 15:00
2235,8081,2022-06-26 15:00
2236,8084,2022-06-25 15:00
2237,8085,2022-06-25 15:00
2238,8087,2022-06-25 15:00
2239,8089,2022-06-26 15:00
2240,8147,2022-07-01 15:00
2241,8148,2022-06-30 15:00
2242,8149,2022-06-30 15:00
2243,8118,2022-06-30 15:00
2244,8096,2022-06-30 15:00
2245,8097,2022-06-30 15:00
2246,8098,2022-06-30 15:00
2247,8099,2022-06-30 15:00
2248,8100,2022-06-30 15:00
2249,8104,2022-06-30 15:00
2250,8108,2022-07-01 15:00
2251,8109,2022-07-01 15:00
2252,8110,2022-07-01 15:00
2253,8107,2022-06-30 15:00
2254,8119,2022-06-30 15:00
2255,8120,2022-06-30 15:00
2256,8158,2022-07-03 15:00
2257,8159,2022-07-03 15:00
2258,8160,2022-07-01 15:00
2259,8161,2022-07-03 15:00
2260,8162,2022-07-02 15:00
2261,8163,2022-07-02 15:00
2262,8150,2022-07-03 15:00
2263,8152,2022-07-03 15:00
2264,8153,2022-07-02 15:00
2265,8154,2022-07-03 15:00
2266,8155,2022-07-03 15:00
2267,8156,2022-07-08 15:00
2268,8157,2022-07-03 15:00
2269,8181,2022-07-06 15:00
2270,8178,2022-07-06 15:00
2271,8179,2022-07-06 15:00
2272,8180,2022-07-08 15:00
2273,8182,2022-07-06 15:00
2274,8185,2022-07-06 15:00
2275,8183,2022-07-06 15:00
2276,8184,2022-07-06 15:00
2277,8303,2022-07-10 10:07
2278,8307,2022-07-10 7:07
2279,8310,2022-07-13 11:07
2280,8308,2022-07-09 10:07
2281,8312,2022-07-13 11:07
2282,8318,2022-07-13 11:07
2283,8306,2022-07-09 10:07
2284,8309,2022-07-13 11:07
2285,8314,2022-07-13 11:07
2286,8316,2022-07-13 11:07
2287,8317,2022-07-13 11:07
2288,8304,2022-07-12 12:07
2289,8311,2022-07-13 11:07
2290,8305,2022-07-13 10:07
2291,8315,2022-07-13 11:07
2292,8302,2022-07-12 12:07
2293,8344,2022-07-15 12:07
2294,8340,2022-07-15 12:07
2295,8334,2022-07-15 12:07
2296,8335,2022-07-15 12:07
2297,8342,2022-07-15 12:07
2298,8336,2022-07-16 9:07
2299,8339,2022-07-16 9:07
2300,8343,2022-07-16 9:07
2301,8341,2022-07-16 9:07
2302,8346,2022-07-16 9:07
2303,8347,2022-07-16 9:07
2304,8338,2022-07-16 9:07
2305,8337,2022-07-16 11:07
2306,8345,2022-07-15 12:07
2307,8348,2022-07-16 11:07
2308,8405,2022-07-17 7:07
2309,8462,2022-07-20 7:07
2310,8403,2022-07-17 7:07
2311,8401,2022-07-20 7:07
2312,8463,2022-07-20 7:07
2313,8464,2022-07-20 7:07
2314,8402,2022-07-20 7:07
2315,8400,2022-07-20 7:07
2316,8465,2022-07-20 7:07
2317,8466,2022-07-20 7:07
2318,8467,2022-07-20 7:07
2319,8468,2022-07-22 12:07
2320,8469,2022-08-20 12:08
2321,8470,2022-07-22 12:07
2322,8456,2022-07-22 12:07
2323,8471,2022-07-22 12:07
2324,8508,2022-07-21 8:07
2325,8509,2022-07-21 8:07
2326,8498,2022-07-24 12:07
2327,8502,2022-07-22 12:07
2328,8497,2022-07-22 12:07
2329,8494,2022-07-24 12:07
2330,8496,2022-07-24 12:07
2331,8506,2022-07-22 12:07
2332,8505,2022-07-22 12:07
2333,8499,2022-07-22 12:07
2334,8504,2022-07-22 12:07
2335,8503,2022-07-22 12:07
2336,8501,2022-07-22 12:07
2337,8495,2022-07-23 7:07
2338,8507,2022-07-23 7:07
2339,8500,2022-07-22 12:07
2340,8493,2022-07-22 12:07
2341,8554,2022-07-24 12:07
2342,8551,2022-07-23 7:07
2343,8550,2022-07-23 7:07
2344,8549,2022-07-23 7:07
2345,8553,2022-07-27 12:07
2346,8557,2022-07-22 12:07
2347,8552,2022-07-22 12:07
2348,8578,2022-07-27 12:07
2349,8580,2022-07-27 12:07
2350,8576,2022-07-27 12:07
2351,8571,2022-07-27 12:07
2352,8559,2022-07-25 12:07
2353,8555,2022-07-25 12:07
2354,8556,2022-07-25 12:07
2355,8572,2022-07-25 12:07
2356,8574,2022-07-25 12:07
2357,8558,2022-07-25 12:07
2358,8581,2022-07-25 12:07
2359,8579,2022-07-27 12:07
2360,8575,2022-07-27 12:07
2361,8617,2022-07-29 12:07
2362,8573,2022-07-25 12:07
2363,8570,2022-07-27 12:07
2364,8577,2022-07-27 12:07
2365,8614,2022-06-28 12:06
2366,8615,2022-07-29 12:07
2367,8616,2022-07-29 12:07
2368,8613,2022-07-27 12:07
2369,8695,2022-08-01 12:08
2370,8691,2022-08-01 12:08
2371,8694,2022-07-29 12:07
2372,8690,2022-06-28 12:06
2373,8697,2022-07-03 12:07
2374,8693,2022-07-28 12:07
2375,8700,2022-08-02 12:08
2376,8699,2022-08-02 12:08
2377,8698,2022-08-02 12:08
2378,8722,2022-08-02 12:08
2379,8720,2022-08-01 12:08
2380,8721,2022-08-01 12:08
2381,8769,2022-08-07 12:08
2382,8770,2022-08-04 12:08
2383,8780,2022-08-07 12:08
2384,8812,2022-08-09 12:08
2385,8771,2022-08-07 12:08
2386,8772,2022-08-07 12:08
2387,8781,2022-08-07 12:08
2388,8805,2022-08-09 12:08
2389,8701,2022-07-02 12:07
2390,8806,2022-08-08 12:08
2391,8811,2022-08-09 12:08
2392,8804,2022-08-09 12:08
2393,8807,2022-08-09 12:08
2394,8809,2022-08-08 12:08
2395,8813,2022-08-08 12:08
2396,8810,2022-08-08 12:08
2397,8814,2022-08-08 12:08
2398,8833,2022-08-14 12:08
2399,8831,2022-08-08 12:08
2400,8808,2022-08-08 12:08
2401,8832,2022-08-08 12:08
2402,8877,2022-08-15 12:08
2403,8876,2022-08-14 12:08
2404,8883,2022-08-14 12:08
2405,8884,2022-08-14 12:08
2406,8932,2022-08-15 12:08
2407,8929,2022-08-16 12:08
2408,8923,2022-08-16 12:08
2409,8925,2022-08-16 12:08
2410,8933,2022-08-16 12:08
2411,8927,2022-08-16 12:08
2412,8928,2022-08-16 12:08
2413,8926,2022-08-16 12:08
2414,8931,2022-08-16 12:08
2415,8936,2022-08-17 12:08
2416,8935,2022-08-16 12:08
2417,8937,2022-08-21 12:08
2418,8922,2022-08-22 12:08
2419,8924,2022-08-18 12:08
2420,8934,2022-08-18 12:08
2421,8980,2022-08-22 12:08
2422,8972,2022-08-21 12:08
2423,8977,2022-08-21 12:08
2424,8974,2022-08-22 12:08
2425,8982,2022-08-23 12:08
2426,8921,2022-08-18 12:08
2427,8930,2022-08-17 12:08
2428,8984,2022-08-18 12:08
2429,8976,2022-08-18 12:08
2430,8979,2022-08-18 12:08
2431,8983,2022-08-21 12:08
2432,8975,2022-08-21 12:08
2433,8978,2022-08-21 12:08
2434,8981,2022-08-21 12:08
2435,9031,2022-08-23 12:08
2436,9030,2022-08-22 12:08
2437,9026,2022-08-23 12:08
2438,9027,2022-08-23 12:08
2439,9025,2022-09-02 12:08
2440,9029,2022-09-03 12:08
2441,9028,2022-09-03 12:08
2442,9078,2022-09-10 12:08
2443,9075,2022-09-10 12:08
2444,9073,2022-09-10 12:08
2445,9299,2022-09-10 15:00
2446,9059,2022-09-08 12:08
2447,9072,2022-09-10 12:08
2448,9052,2022-09-03 12:08
2449,9053,2022-09-03 12:08
2450,9061,2022-09-08 12:08
2451,9074,2022-09-09 12:08
2452,9077,2022-09-09 12:08
2453,9070,2022-09-10 12:08
2454,9060,2022-09-08 12:08
2455,9076,2022-09-08 12:08
2456,9071,2022-09-08 12:08
2457,9212,2022-09-16 12:09
2458,9233,2022-09-19 12:09
2459,9211,2022-09-16 12:09
2460,9218,2022-09-16 12:09
2461,9232,2022-09-19 12:09
2462,9241,2022-09-19 12:09
2463,9239,2022-09-19 12:09
2464,9300,2022-09-25 15:00
2465,9242,2022-09-23 12:09
2466,9240,2022-09-23 12:09
2467,9256,2022-09-23 12:09
2468,9257,2022-09-23 12:09
2469,9267,2022-09-23 12:09
2470,9266,2022-09-23 12:09
2471,9295,2022-09-25 12:09
2472,9296,2022-09-25 12:09
2473,9297,2022-09-26 12:09
2474,9298,2022-09-30 10:00
2475,9316,2022-10-01 12:09
2476,9340,2022-10-08 12:09
2477,9317,2022-10-01 12:09
2478,9318,2022-09-30 12:09
2479,9314,2022-10-01 12:09
2480,9315,2022-10-01 12:09
2481,9341,2022-10-02 20:00
2482,9342,2022-10-02 20:00
2483,9379,2022-10-06 12:09
2484,9380,2022-10-08 12:09
2485,9405,2022-10-13 20:00
2486,9406,2022-10-13 20:00
2487,9404,2022-10-08 10:00
2488,9381,2022-10-08 12:09
2489,9407,2022-10-10 12:09
2490,9442,2022-10-16 12:10
2491,9441,2022-10-15 12:10
2492,9440,2022-10-15 12:10
2493,9444,2022-10-16 12:10
2494,9445,2022-10-15 10:00
2495,9438,2022-10-15 12:10
2496,9446,2022-10-16 10:00
2497,9436,2022-10-17 12:10
2498,9437,2022-10-17 12:10
2499,9443,2022-10-15 12:10
2500,9521,2022-10-29 12:10
2501,9494,2022-10-27 12:10
2502,9495,2022-10-29 12:10
2503,9519,2022-10-30 12:10
2504,9517,2022-10-28 12:10
2505,9515,2022-10-31 12:10
2506,9513,2022-10-29 12:10
2507,9512,2022-10-28 12:10
2508,9514,2022-10-31 12:10
2509,9511,2022-10-29 12:10
2510,9516,2022-10-31 12:10
2511,9533,2022-11-03 12:10
2512,9535,2022-10-30 12:10
2513,9520,2022-10-29 12:10
2514,9518,2022-10-29 12:10
2515,9534,2022-11-04 12:10
2516,9609,2022-11-05 10:00
2517,9618,2022-11-12 12:11
2518,9610,2022-11-11 19:00
2519,9620,2022-11-08 12:10
2520,9619,2022-11-08 12:10
2521,9612,2022-11-11 12:10
2522,9613,2022-11-14 19:00
2523,9631,2022-11-22 12:11
2524,9671,2022-11-14 12:11
2525,9680,2022-11-18 12:11
2526,9632,2022-11-21 12:11
2527,9708,2022-10-22 12:10
2528,9710,2022-11-22 12:11
2529,9709,2022-11-22 12:11
2530,2124,2021-08-14 8:00
2531,9413,2022-10-14 12:10
2532,9439,2022-10-17 12:10
2533,9433,2022-10-15 12:10
2534,9448,2022-10-21 12:10
2535,1527,2021-01-05 12:00
2536,1528,2021-01-08 12:00
2537,1529,2021-01-08 12:00
2538,1532,2021-01-06 12:00
2539,1536,2021-01-07 12:00
2540,1538,2021-01-07 12:00
2541,1545,2021-01-14 12:00
2542,1549,2021-01-14 12:00
2543,1555,2021-01-22 11:00
2544,1561,2021-01-29 12:00
2545,1570,2021-01-28 9:00
2546,1573,2021-02-03 12:00
2547,1575,2021-02-09 11:00
2548,1578,2021-02-04 12:00
2549,1580,2021-02-04 12:00
2550,1582,2021-02-09 12:00
2551,1583,2021-02-04 12:00
2552,1584,2021-02-03 12:00
2553,1587,2021-02-03 12:00
2554,1589,2021-02-11 12:00
2555,1590,2021-02-11 12:00
2556,1591,2021-02-11 12:00
2557,1594,2021-02-10 12:00
2558,1601,2021-03-03 12:00
2559,1607,2021-03-02 12:00
2560,1613,2021-03-04 12:00
2561,1617,2021-03-12 12:00
2562,1618,2021-03-12 12:00
2563,1619,2021-03-10 12:00
2564,1620,2021-03-12 12:00
2565,1621,2021-03-17 12:00
2566,1625,2021-03-17 12:00
2567,1631,2021-03-10 12:00
2568,1638,2021-03-18 12:00
2569,1639,2021-03-19 12:00
2570,1640,2021-03-19 12:00
2571,1641,2021-03-18 12:00
2572,1642,2021-03-18 12:00
2573,1643,2021-03-18 12:00
2574,1660,2021-03-26 12:00
2575,1669,2021-04-02 12:00
2576,1670,2021-04-01 12:00
2577,1675,2021-03-31 12:00
2578,1688,2021-04-08 12:00
2579,1689,2021-04-08 12:00
2580,1691,2021-04-20 12:00
2581,1696,2021-04-20 12:00
2582,1698,2021-04-14 12:00
2583,1706,2021-04-27 12:00
2584,1722,2021-04-22 12:00
2585,1738,2021-04-30 12:00
2586,1739,2021-04-28 12:00
2587,1759,2021-05-06 12:00
2588,1760,2021-05-07 12:00
2589,1761,2021-05-08 12:00
2590,1763,2021-05-08 12:00
2591,1768,2021-05-14 12:00
2592,1771,2021-05-12 12:00
2593,1780,2021-05-14 12:00
2594,1797,2021-05-21 12:00
2595,1814,2021-05-21 12:00
2596,1815,2021-05-21 12:00
2597,1817,2021-05-21 12:00
2598,1821,2021-05-27 12:00
2599,1822,2021-05-27 12:00
2600,1823,2021-05-28 12:00
2601,1826,2021-05-27 12:00
2602,1836,2021-05-27 12:00
2603,1857,2021-06-04 12:00
2604,1868,2021-06-11 12:00
2605,1869,2021-06-10 12:00
2606,1874,2021-06-10 12:00
2607,1878,2021-06-17 12:00
2608,1894,2021-06-16 12:00
2609,1900,2021-06-25 12:00
2610,1901,2021-07-23 12:00
2611,1904,2021-06-25 12:00
2612,1911,2021-07-02 12:00
2613,1926,2021-07-10 12:00
2614,1936,2021-07-08 12:00
2615,1946,2021-07-21 12:00
2616,1947,2021-07-15 0:00
2617,1949,2021-07-15 12:00
2618,1953,2021-07-17 12:00
2619,1954,2021-07-15 12:00
2620,1960,2021-07-23 12:00
2621,1961,2021-07-30 12:00
2622,1962,2021-07-30 12:00
2623,1965,2021-07-22 12:00
2624,1967,2021-07-21 12:00
2625,2006,2021-07-31 12:00
2626,2008,2021-07-29 12:00
2627,2012,2021-07-29 12:00
2628,2029,2021-08-06 12:00
2629,2030,2021-08-06 11:50
2630,2036,2021-08-05 12:00
2631,2039,2021-08-05 12:00
2632,2047,2021-08-06 11:51
2633,2048,2021-08-05 12:00
2634,2059,2021-08-11 12:00
2635,2060,2021-08-13 12:00
2636,2068,2021-08-12 12:00
2637,2074,2021-08-19 12:00
2638,2101,2021-08-25 12:00
2639,2110,2021-08-25 12:00
2640,2114,2021-08-26 12:00
2641,2130,2021-09-01 12:00
2642,2135,2021-09-02 12:00
2643,2154,2021-09-02 12:00
2644,2185,2021-09-12 12:00
2645,2201,2021-09-12 12:00
2646,2238,2021-09-21 12:00
2647,2268,2021-09-27 12:00
2648,2302,2021-10-17 12:00
2649,2351,2021-11-01 12:00
2650,2383,2021-11-08 12:00
2651,2387,2021-11-08 12:00
2652,2390,2021-11-12 12:00
2653,2402,2021-11-12 12:00
2654,2418,2021-11-13 12:00
2655,2432,2021-11-23 12:00
2656,2451,2021-12-05 12:00
2657,2507,2021-12-12 0:00
2658,2534,2021-12-19 12:00
2659,2575,2021-12-25 12:00
2660,2597,2021-12-25 12:00
2661,2622,2022-01-17 12:00
2662,2640,2022-01-24 12:00
2663,2660,2022-01-24 12:00
2664,2671,2022-01-30 12:00
2665,2686,2022-01-30 12:00
2666,2733,2022-02-28 12:00
2667,2744,2022-03-11 12:00
2668,2749,2022-03-11 12:00
2669,2779,2022-03-22 12:00
2670,2789,2022-04-05 12:00
2671,2806,2022-03-29 12:00
2672,2828,2022-04-05 12:00
2673,2840,2022-04-23 12:00
2674,5818,2022-04-15 10:00
2675,5840,2022-04-23 12:00
2676,5859,2022-04-26 12:00
2677,5898,2022-05-06 12:00
2678,5910,2022-05-02 12:00
2679,5957,2022-05-17 12:00
2680,5967,2022-05-17 12:00
2681,5979,2022-05-07 12:00
2682,6017,2022-05-21 12:00
2683,5946,2022-05-03 10:00
2684,5975,2022-05-08 14:00
2685,822,2020-01-23 0:00
2686,1510,2020-12-19 0:00
2687,1505,2020-12-17 0:00
2688,1520,2020-12-26 0:00
2689,1586,2021-01-01 8:36
2690,1546,2020-12-31 0:00
2691,1568,2021-01-18 0:00
2692,1585,2021-01-25 0:00
2693,1598,2021-02-05 0:00
2694,1596,2021-02-08 0:00
2695,1599,2021-02-08 0:00
2696,1628,2021-03-07 0:00
2697,1615,2021-02-27 0:00
2698,1630,2021-03-04 0:00
2699,1673,2021-03-22 0:00
2700,1685,2021-04-03 0:00
2701,1702,2021-04-09 0:00
2702,1723,2021-04-11 0:00
2703,1747,2021-04-26 0:00
2704,1746,2021-04-26 0:00
2705,1766,2021-04-29 0:00
2706,1787,2021-05-04 0:00
2707,1794,2021-05-08 0:00
2708,1795,2021-05-08 0:00
2709,1831,2021-05-17 0:00
2710,1858,2021-05-23 0:00
2711,1872,2021-05-30 0:00
2712,1892,2021-06-12 0:00
2713,1891,2021-06-12 0:00
2714,1908,2021-06-19 0:00
2715,1917,2021-06-28 0:00
2716,1988,2021-06-28 10:40
2717,1989,2021-06-28 10:40
2718,1990,2021-07-06 9:53
2719,1991,2021-07-12 0:24
2720,1992,2021-07-12 0:24
2721,1993,2021-07-20 11:02
2722,729,2020-01-15 12:00
2723,734,2020-01-15 12:00
2724,794,2020-01-29 12:00
2725,814,2020-03-05 12:00
2726,914,2020-03-11 12:00
2727,931,2020-03-18 12:00
2728,944,2020-03-26 12:00
2729,965,2020-04-02 12:00
2730,981,2020-04-10 12:00
2731,1005,2020-04-15 12:00
2732,1047,2020-04-29 12:00
2733,1059,2020-05-06 12:00
2734,1110,2020-07-03 12:00
2735,1118,2020-07-16 12:00
2736,1135,2020-07-16 12:00
2737,1182,2020-08-06 12:00
2738,1190,2020-08-06 12:00
2739,1205,2020-08-12 12:00
2740,1223,2020-08-20 12:00
2741,1274,2020-09-09 0:00
2742,1311,2020-09-23 12:00
2743,1337,2020-10-02 12:00
2744,1350,2020-10-07 12:00
2745,1359,2020-10-07 12:00
2746,1367,2020-10-14 12:00
2747,1400,2020-11-05 12:00
2748,1412,2020-11-13 12:00
2749,1450,2020-11-27 12:00
2750,1472,2020-12-03 12:00
2751,1498,2020-12-19 12:00
2752,1504,2020-12-29 12:00
2753,1518,2021-01-01 12:00
